"1fa8a5bf","package/mod310.tar.gz"
"95d0e0fc","gz/boss.01_boss01_gori01.gz"
"bda5230a","gz/boss.03_city02_a.gz"
"9b15f8d1","gz/boss.05_boss02_boss.gz"
"7c6f3ace","gz/boss.10_boss03_fly.gz"
"00911730","gz/boss.13_boss04_gori02.gz"
"704ebac4","gz/boss.20_boss07_grid.gz"
"3a64fa71","gz/boss.21_stadium_b.gz"
"635a27be","gz/boss.25_boss08_boss.gz"
"48014db2","gz/boss.27_city02_b.gz"
"f8b6d1e8","gz/boss.29_boss09_boss.gz"
"ed9d03fc","gz/boss.31_boss10_boss.gz"
"c63a0383",""
"2c442aac","gz/demo.demo01.gz"
"090a2bac","gz/demo.demo02.gz"
"8d0198bb","gz/demo.demo03_0.gz"
"6ac798bb","gz/demo.demo03_1.gz"
"478d99bb","gz/demo.demo03_2.gz"
"1ca8bbbf",""
"a05b2dac","gz/demo.demo05.gz"
"7d212eac","gz/demo.demo06.gz"
"5ae72eac","gz/demo.demo07.gz"
"934d43d0","gz/demo.demo08_1.gz"
"8ba264d4","gz/demo.demo09_0.gz"
"686865d4","gz/demo.demo09_1.gz"
"1ddd46ac","gz/demo.demo11.gz"
"faa247ac","gz/demo.demo12.gz"
"d76848ac","gz/demo.demo13.gz"
"91f449ac","gz/demo.demo15.gz"
"b2f8ec60","gz/demo.demo16_1.gz"
"aa4d0e65","gz/demo.demo17_0.gz"
"87130f65","gz/demo.demo17_1.gz"
"28464cac","gz/demo.demo18.gz"
"050c4dac","gz/demo.demo19.gz"
"5afe0ee1",""
"758d2fe5","gz/demo.demo21_0.gz"
"525330e5","gz/demo.demo21_1.gz"
"2f1931e5","gz/demo.demo21_2.gz"
"eb3b64ac","gz/demo.demo22.gz"
"c80165ac","gz/demo.demo23.gz"
"a5c765ac","gz/demo.demo24.gz"
"828d66ac","gz/demo.demo25.gz"
"5f5367ac","gz/demo.demo26.gz"
"b1fc2c81","gz/game_common.gz"
"5c272d50","gz/game_common.story.gz"
"3cecf223","gz/game_common.vs.gz"
"8205e9b5","gz/game_common_sound_bd.gz"
"7243e526","gz/game_result.story.gz"
"4abee95e","gz/game_result.vs.gz"
"149e220b","gz/game_result_character.blackhiroki.gz"
"6e6049c5","gz/game_result_character.blackspector.gz"
"e148210c","gz/game_result_character.chall.gz"
"f174772e","gz/game_result_character.goritron.gz"
"3e9a5de5","gz/game_result_character.hakase.gz"
"65f9a065","gz/game_result_character.haruka.gz"
"b76fe61f","gz/game_result_character.hiroki.gz"
"14031b66","gz/game_result_character.kakeru.gz"
"94ff803b","gz/game_result_character.legend.gz"
"b6410652","gz/game_result_character.natsumi.gz"
"03242e3a","gz/game_result_character.pipo6.gz"
"7b203aa0","gz/game_result_character.pipotron_blue.gz"
"eaf83ebb","gz/game_result_character.pipotron_red.gz"
"53791f94","gz/game_result_character.pipotron_yellow.gz"
"fdac96c5","gz/game_result_character.spector.gz"
"bf34d7af","gz/game_result_character.vchall.gz"
"af4c8499","gz/game_result_character.volcano.gz"
"c9448ba5","gz/menu1.gz"
"a60a8ca5","gz/menu2.gz"
"245dc640","gz/menu_character_01.gz"
"0123c740","gz/menu_character_02.gz"
"00940549","gz/menu_common.gz"
"d2aeb433","gz/menu_edit1.gz"
"af74b533","gz/menu_edit2.gz"
"36c5de03",""
"3943e3cc","gz/menu_edit_sarubook_in_pipo6.gz"
"0569c31e","gz/menu_edit_sound.gz"
"3cdca805",""
"3b4fb376","gz/menu_edit_sprite.ga_kakeru.gz"
"594309b8","gz/menu_edit_sprite.ga_natsumi.gz"
"e3710b47",""
"d7d0bd8c",""
"d1e4d526","gz/menu_edit_sprite.gf_spector.gz"
"6fd16046","gz/menu_edit_summon.gz"
"88455768","gz/menu_sound.gz"
"87f51e0c","gz/menu_story.01_boss01_gori01.gz"
"41f34892","gz/menu_story.02_city01_a.gz"
"e76bf53f","gz/menu_story.03_city02_a.gz"
"5973ad65","gz/menu_story.04_metro01_a.gz"
"dd798eb5","gz/menu_story.05_boss02_boss.gz"
"44f20e4a","gz/menu_story.06_bay01_a.gz"
"567ea3b3","gz/menu_story.07_bay02_a.gz"
"6cc96933","gz/menu_story.08_park01_a.gz"
"c55668f7","gz/menu_story.09_stadium_a.gz"
"1626079d","gz/menu_story.10_boss03_fly.gz"
"45912030","gz/menu_story.11_hangar01_a.gz"
"c35e32d9","gz/menu_story.12_hangar02_a.gz"
"f2b5553f","gz/menu_story.13_boss04_gori02.gz"
"dcd7b35d","gz/menu_story.14_elevator_a.gz"
"8d3a2011","gz/menu_story.15_kakeru_spector.gz"
"06143ebb","gz/menu_story.15_pipo_spector.gz"
"5ebb5f0b","gz/menu_story.16_kakeru_goritron.gz"
"96696a96","gz/menu_story.16_pipo_kakeru.gz"
"7a8e0451","gz/menu_story.17_city01_vr.gz"
"0e36c98a","gz/menu_story.18_bay01_vr.gz"
"dd45c596","gz/menu_story.19_park01_vr.gz"
"b2b250a8","gz/menu_story.20_boss07_grid.gz"
"4c084c39","gz/menu_story.21_stadium_b.gz"
"cd7a2b3c","gz/menu_story.22_park01_b.gz"
"e13aef70","gz/menu_story.23_bay02_b.gz"
"49913fd2","gz/menu_story.24_bay01_b.gz"
"a5bebda1","gz/menu_story.25_boss08_boss.gz"
"f2bc8cb1","gz/menu_story.26_metro01_b.gz"
"72c71ee8","gz/menu_story.27_city02_b.gz"
"6e0a878d","gz/menu_story.28_city01_b.gz"
"3a1b68cc","gz/menu_story.29_boss09_boss.gz"
"ac56964e","gz/menu_story.30_daiba02_b.gz"
"2f029adf","gz/menu_story.31_boss10_boss.gz"
"05f7cae8","gz/menu_title.gz"
"3c6cf60b","gz/menu_vs.gz"
"0e65ae26","gz/pcchara.blackhiroki.gz"
"90227dc0","gz/pcchara.blackspector.gz"
"0bff279e","gz/pcchara.chall.gz"
"33097168","gz/pcchara.goritron.gz"
"50ee5500","gz/pcchara.hakase.gz"
"774d9980","gz/pcchara.haruka.gz"
"c9c3de3a","gz/pcchara.hiroki.gz"
"26571381","gz/pcchara.kakeru.gz"
"a6537956","gz/pcchara.legend.gz"
"5068ea37","gz/pcchara.natsumi.gz"
"2dda34cc","gz/pcchara.pipo6.gz"
"d94a080a","gz/pcchara.piposol.gz"
"742f504a","gz/pcchara.piposolwork.gz"
"652fb5ee","gz/pcchara.pipotron_blue.gz"
"0cbb72b6","gz/pcchara.pipotron_red.gz"
"ad3a3244","gz/pcchara.pipotron_yellow.gz"
"97d37aab","gz/pcchara.spector.gz"
"d188cfca","gz/pcchara.vchall.gz"
"4973687f","gz/pcchara.volcano.gz"
"e4ea2275","gz/pcdress.blackhirokiwear01.gz"
"c1b02375","gz/pcdress.blackhirokiwear02.gz"
"9e762475","gz/pcdress.blackhirokiwear03.gz"
"f14ff112","gz/pcdress.blackspectorwear00.gz"
"ce15f212","gz/pcdress.blackspectorwear01.gz"
"abdbf212","gz/pcdress.blackspectorwear02.gz"
"88a1f312","gz/pcdress.blackspectorwear03.gz"
"7c9749a4","gz/pcdress.challwear00.gz"
"595d4aa4","gz/pcdress.challwear01.gz"
"36234ba4","gz/pcdress.challwear02.gz"
"13e94ba4","gz/pcdress.challwear03.gz"
"f0ae4ca4","gz/pcdress.challwear04.gz"
"cd744da4","gz/pcdress.challwear05.gz"
"aa3a4ea4","gz/pcdress.challwear06.gz"
"87004fa4","gz/pcdress.challwear07.gz"
"64c64fa4","gz/pcdress.challwear08.gz"
"418c50a4","gz/pcdress.challwear09.gz"
"6d3066a4","gz/pcdress.challwear10.gz"
"4af666a4","gz/pcdress.challwear11.gz"
"27bc67a4","gz/pcdress.challwear12.gz"
"048268a4","gz/pcdress.challwear13.gz"
"a9b507f9","gz/pcdress.goritronwear01.gz"
"867b08f9","gz/pcdress.goritronwear02.gz"
"634109f9","gz/pcdress.goritronwear03.gz"
"9e3fabdb","gz/pcdress.hakasewear01.gz"
"7b05acdb","gz/pcdress.hakasewear02.gz"
"58cbacdb","gz/pcdress.hakasewear03.gz"
"3591addb","gz/pcdress.hakasewear04.gz"
"1257aedb","gz/pcdress.hakasewear05.gz"
"ef1cafdb","gz/pcdress.hakasewear06.gz"
"cce2afdb","gz/pcdress.hakasewear07.gz"
"a9a8b0db","gz/pcdress.hakasewear08.gz"
"866eb1db","gz/pcdress.hakasewear09.gz"
"b212c7db","gz/pcdress.hakasewear10.gz"
"8fd8c7db","gz/pcdress.hakasewear11.gz"
"4964c9db","gz/pcdress.hakasewear13.gz"
"3d15eec2","gz/pcdress.harukawear01.gz"
"1adbeec2","gz/pcdress.harukawear02.gz"
"f7a0efc2","gz/pcdress.harukawear03.gz"
"d466f0c2","gz/pcdress.harukawear04.gz"
"b12cf1c2","gz/pcdress.harukawear05.gz"
"8ef2f1c2","gz/pcdress.harukawear06.gz"
"6bb8f2c2","gz/pcdress.harukawear07.gz"
"487ef3c2","gz/pcdress.harukawear08.gz"
"2544f4c2","gz/pcdress.harukawear09.gz"
"51e809c3","gz/pcdress.harukawear10.gz"
"2eae0ac3","gz/pcdress.harukawear11.gz"
"e8390cc3","gz/pcdress.harukawear13.gz"
"9fbbe904","gz/pcdress.hirokiwear01.gz"
"7c81ea04","gz/pcdress.hirokiwear02.gz"
"5947eb04","gz/pcdress.hirokiwear03.gz"
"4ae00705","gz/pcdress.hirokiwear13.gz"
"c7093bca","gz/pcdress.kakeruwear00.gz"
"a4cf3bca","gz/pcdress.kakeruwear01.gz"
"81953cca","gz/pcdress.kakeruwear02.gz"
"5e5b3dca","gz/pcdress.kakeruwear03.gz"
"3b213eca","gz/pcdress.kakeruwear04.gz"
"18e73eca","gz/pcdress.kakeruwear05.gz"
"f5ac3fca","gz/pcdress.kakeruwear06.gz"
"d27240ca","gz/pcdress.kakeruwear07.gz"
"af3841ca","gz/pcdress.kakeruwear08.gz"
"8cfe41ca","gz/pcdress.kakeruwear09.gz"
"b8a257ca","gz/pcdress.kakeruwear10.gz"
"956858ca","gz/pcdress.kakeruwear11.gz"
"4ff459ca","gz/pcdress.kakeruwear13.gz"
"2cba5aca","gz/pcdress.kakeruwear14.gz"
"09805bca","gz/pcdress.kakeruwear15.gz"
"2410bf56","gz/pcdress.legendwear01.gz"
"01d6bf56","gz/pcdress.legendwear02.gz"
"de9bc056","gz/pcdress.legendwear03.gz"
"16e6b047","gz/pcdress.natsumiwear01.gz"
"f3abb147","gz/pcdress.natsumiwear02.gz"
"d071b247","gz/pcdress.natsumiwear03.gz"
"ad37b347","gz/pcdress.natsumiwear04.gz"
"8afdb347","gz/pcdress.natsumiwear05.gz"
"67c3b447","gz/pcdress.natsumiwear06.gz"
"4489b547","gz/pcdress.natsumiwear07.gz"
"214fb647","gz/pcdress.natsumiwear08.gz"
"fe14b747","gz/pcdress.natsumiwear09.gz"
"2ab9cc47","gz/pcdress.natsumiwear10.gz"
"077fcd47","gz/pcdress.natsumiwear11.gz"
"c10acf47","gz/pcdress.natsumiwear13.gz"
"0b2b9a1a","gz/pcdress.pipo6wear01.gz"
"e8f09a1a","gz/pcdress.pipo6wear02.gz"
"c5b69b1a","gz/pcdress.pipo6wear03.gz"
"a27c9c1a","gz/pcdress.pipo6wear04.gz"
"7f429d1a","gz/pcdress.pipo6wear05.gz"
"5c089e1a","gz/pcdress.pipo6wear06.gz"
"39ce9e1a","gz/pcdress.pipo6wear07.gz"
"16949f1a","gz/pcdress.pipo6wear08.gz"
"f359a01a","gz/pcdress.pipo6wear09.gz"
"1ffeb51a","gz/pcdress.pipo6wear10.gz"
"fcc3b61a","gz/pcdress.pipo6wear11.gz"
"b64fb81a","gz/pcdress.pipo6wear13.gz"
"9315b91a","gz/pcdress.pipo6wear14.gz"
"70dbb91a","gz/pcdress.pipo6wear15.gz"
"a7a33478","gz/pcdress.piposolwear01.gz"
"84693578","gz/pcdress.piposolwear02.gz"
"612f3678","gz/pcdress.piposolwear03.gz"
"3ef53678","gz/pcdress.piposolwear04.gz"
"1bbb3778","gz/pcdress.piposolwear05.gz"
"f8803878","gz/pcdress.piposolwear06.gz"
"d5463978","gz/pcdress.piposolwear07.gz"
"b20c3a78","gz/pcdress.piposolwear08.gz"
"8fd23a78","gz/pcdress.piposolwear09.gz"
"bb765078","gz/pcdress.piposolwear10.gz"
"983c5178","gz/pcdress.piposolwear11.gz"
"75025278","gz/pcdress.piposolwear12.gz"
"52c85278","gz/pcdress.piposolwear13.gz"
"2f8e5378","gz/pcdress.piposolwear14.gz"
"fa14b2f0","gz/pcdress.piposolworkwear01.gz"
"d7dab2f0","gz/pcdress.piposolworkwear02.gz"
"43a306cc","gz/pcdress.pipotron_bluewear01.gz"
"206907cc","gz/pcdress.pipotron_bluewear02.gz"
"fd2e08cc","gz/pcdress.pipotron_bluewear03.gz"
"eec724cc","gz/pcdress.pipotron_bluewear13.gz"
"2a4fffe0","gz/pcdress.pipotron_redwear01.gz"
"071500e1","gz/pcdress.pipotron_redwear02.gz"
"e4da00e1","gz/pcdress.pipotron_redwear03.gz"
"d5731de1","gz/pcdress.pipotron_redwear13.gz"
"5b7e7d08","gz/pcdress.pipotron_yellowwear01.gz"
"38447e08","gz/pcdress.pipotron_yellowwear02.gz"
"150a7f08","gz/pcdress.pipotron_yellowwear03.gz"
"06a39b08","gz/pcdress.pipotron_yellowwear13.gz"
"f87aadda","gz/pcdress.spectorwear00.gz"
"d540aeda","gz/pcdress.spectorwear01.gz"
"b206afda","gz/pcdress.spectorwear02.gz"
"8fccafda","gz/pcdress.spectorwear03.gz"
"6c92b0da","gz/pcdress.spectorwear04.gz"
"4958b1da","gz/pcdress.spectorwear05.gz"
"261eb2da","gz/pcdress.spectorwear06.gz"
"03e4b2da","gz/pcdress.spectorwear07.gz"
"e0a9b3da","gz/pcdress.spectorwear08.gz"
"bd6fb4da","gz/pcdress.spectorwear09.gz"
"e913cada","gz/pcdress.spectorwear10.gz"
"c6d9cada","gz/pcdress.spectorwear11.gz"
"8065ccda","gz/pcdress.spectorwear13.gz"
"0aa9c2dd","gz/pcdress.vchallwear00.gz"
"e76ec3dd","gz/pcdress.vchallwear01.gz"
"c434c4dd","gz/pcdress.vchallwear02.gz"
"a1fac4dd","gz/pcdress.vchallwear03.gz"
"ba9dc5b3","gz/pcdress.volcanowear00.gz"
"9763c6b3","gz/pcdress.volcanowear01.gz"
"7429c7b3","gz/pcdress.volcanowear02.gz"
"51efc7b3","gz/pcdress.volcanowear03.gz"
"4e134f62","gz/pcgacha.ga.cm.2gn.normal.gz"
"4ba8aeb6","gz/pcgacha.ga.cm.2tr.normal.gz"
"3b62eeeb",""
"f8c51a5b","gz/pcgacha.ga.cm.bpk.normal.gz"
"239c3a3f","gz/pcgacha.ga.cm.bts.attack.gz"
"27a584ab","gz/pcgacha.ga.cm.bts.dash.gz"
"09ea1505","gz/pcgacha.ga.cm.bts.warp.gz"
"e0fa8db2","gz/pcgacha.ga.cm.chb.normal.gz"
"8022dc60","gz/pcgacha.ga.cm.dcb.normal.gz"
"fb4fc301","gz/pcgacha.ga.cm.fnl.normal.gz"
"6f5c6775","gz/pcgacha.ga.cm.get.normal.gz"
"a7de0803","gz/pcgacha.ga.cm.gun.laser.gz"
"196f6654","gz/pcgacha.ga.cm.gun.machine.gz"
"9695d0b9","gz/pcgacha.ga.cm.gun.shot.gz"
"42a6759c","gz/pcgacha.ga.cm.lnc.arrow.gz"
"5472a604","gz/pcgacha.ga.cm.lnc.beam.gz"
"be06ab2e","gz/pcgacha.ga.cm.lnc.hadoho.gz"
"458a35e8","gz/pcgacha.ga.cm.lnc.homing.gz"
"b1609981","gz/pcgacha.ga.cm.lnc.nuclear.gz"
"9b420d22","gz/pcgacha.ga.cm.mcb.kikobo.gz"
"6bae4eba","gz/pcgacha.ga.cm.mcb.kodachi.gz"
"777af7ad",""
"03bad6fa","gz/pcgacha.ga.cm.mcb.naginata.gz"
"d96eb956","gz/pcgacha.ga.cm.mcb.normal.gz"
"d90b6c44","gz/pcgacha.ga.cm.mcb.rod.gz"
"245c46fe","gz/pcgacha.ga.cm.rbm.normal.gz"
"61ecc05e","gz/pcgacha.ga.cm.vnr.normal.gz"
"02237236",""
"aeb5ea36","gz/pcgacha.gam.chall.bts.gz"
"8a81a839","gz/pcgacha.gam.chall.chb.gz"
"5122c246",""
"950be949",""
"77f7ad4b","gz/pcgacha.gam.chall.gun.gz"
"8ace875f","gz/pcgacha.gam.chall.lnc.gz"
"27916e62","gz/pcgacha.gam.chall.mcb.gz"
"defe0477","gz/pcgacha.gam.chall.rbm.gz"
"cf72e888","gz/pcgacha.gam.chall.vnr.gz"
"3d9378ba",""
"5adb13c0","gz/pcgacha.gam.haruka.bts.gz"
"fd47ebcf","gz/pcgacha.gam.haruka.fnl.gz"
"413112d3",""
"231dd7d4","gz/pcgacha.gam.haruka.gun.gz"
"36f4b0e8","gz/pcgacha.gam.haruka.lnc.gz"
"d3b697eb","gz/pcgacha.gam.haruka.mcb.gz"
"8a242e00","gz/pcgacha.gam.haruka.rbm.gz"
"7b981112","gz/pcgacha.gam.haruka.vnr.gz"
"4c1375f1","gz/pcgacha.gam.kakeru.2tr.gz"
"6d4e62b7","gz/pcgacha.gam.kakeru.bpk.gz"
"19e1dab7","gz/pcgacha.gam.kakeru.bts.gz"
"15cb2bbe","gz/pcgacha.gam.kakeru.dcb.gz"
"bc4db2c7","gz/pcgacha.gam.kakeru.fnl.gz"
"0037d9ca","gz/pcgacha.gam.kakeru.get.gz"
"e2229ecc","gz/pcgacha.gam.kakeru.gun.gz"
"f5f977e0","gz/pcgacha.gam.kakeru.lnc.gz"
"92bc5ee3","gz/pcgacha.gam.kakeru.mcb.gz"
"492af5f7","gz/pcgacha.gam.kakeru.rbm.gz"
"3a9ed809","gz/pcgacha.gam.kakeru.vnr.gz"
"258a9b71","gz/pcgacha.gam.natsumi.2gn.gz"
"f7a0ff38","gz/pcgacha.gam.natsumi.bpk.gz"
"a3337839","gz/pcgacha.gam.natsumi.bts.gz"
"46a04f49","gz/pcgacha.gam.natsumi.fnl.gz"
"8a89764c","gz/pcgacha.gam.natsumi.get.gz"
"6c753b4e","gz/pcgacha.gam.natsumi.gun.gz"
"7f4c1562","gz/pcgacha.gam.natsumi.lnc.gz"
"1c0ffc64","gz/pcgacha.gam.natsumi.mcb.gz"
"d37c9279","gz/pcgacha.gam.natsumi.rbm.gz"
"c4f0758b","gz/pcgacha.gam.natsumi.vnr.gz"
"aa4f4bb6","gz/pcgacha.gb.cm.2tr.drill.gz"
"b51722e2","gz/pcgacha.gb.cm.2tr.fire.gz"
"dd0e8432",""
"08e5a316","gz/pcgacha.gb.cm.bts.attack.gz"
"94772982","gz/pcgacha.gb.cm.bts.dash.gz"
"76bcbadb","gz/pcgacha.gb.cm.bts.warp.gz"
"656b4538","gz/pcgacha.gb.cm.dcb.normal.gz"
"e0982cd9","gz/pcgacha.gb.cm.fnl.normal.gz"
"54a5d04c",""
"6848db08","gz/pcgacha.gb.cm.gun.laser.gz"
"32f89d76","gz/pcgacha.gb.cm.gun.machine.gz"
"03687590","gz/pcgacha.gb.cm.gun.shot.gz"
"c1444bdb","gz/pcgacha.gb.cm.lnc.beam.gz"
"2ad39ebf","gz/pcgacha.gb.cm.lnc.homing.gz"
"cae9d0a3","gz/pcgacha.gb.cm.lnc.nuclear.gz"
"beb7222e","gz/pcgacha.gb.cm.mcb.normal.gz"
"09a5afd5","gz/pcgacha.gb.cm.rbm.normal.gz"
"46352a36","gz/pcgacha.gb.cm.vnr.normal.gz"
"8c156309","gz/pcgacha.gbm.pipo6.2tr.gz"
"ad5050cf",""
"59e3c8cf","gz/pcgacha.gbm.pipo6.bts.gz"
"55cd19d6","gz/pcgacha.gbm.pipo6.dcb.gz"
"fc4fa0df","gz/pcgacha.gbm.pipo6.fnl.gz"
"4039c7e2",""
"22258ce4","gz/pcgacha.gbm.pipo6.gun.gz"
"35fc65f8","gz/pcgacha.gbm.pipo6.lnc.gz"
"d2be4cfb","gz/pcgacha.gbm.pipo6.mcb.gz"
"892ce30f","gz/pcgacha.gbm.pipo6.rbm.gz"
"7aa0c621","gz/pcgacha.gbm.pipo6.vnr.gz"
"c257ed09",""
"ed2d0dee","gz/pcgacha.gc.cm.bts.attack.gz"
"014ace58","gz/pcgacha.gc.cm.bts.dash.gz"
"e38e5fb2",""
"560b10ea","gz/pcgacha.gc.cm.chn.normal.gz"
"4ab4ae0f","gz/pcgacha.gc.cm.dcb.normal.gz"
"c5e195b0","gz/pcgacha.gc.cm.fnl.normal.gz"
"39ee3924",""
"29b2ad0e","gz/pcgacha.gc.cm.gun.laser.gz"
"4b81d598","gz/pcgacha.gc.cm.gun.machine.gz"
"703a1a67","gz/pcgacha.gc.cm.gun.shot.gz"
"215ca2df","gz/pcgacha.gc.cm.hdh.normal.gz"
"2e17f0b1",""
"0f1c0897","gz/pcgacha.gc.cm.lnc.homing.gz"
"e37208c6","gz/pcgacha.gc.cm.lnc.nuclear.gz"
"a3008c05","gz/pcgacha.gc.cm.mcb.normal.gz"
"eeed18ad","gz/pcgacha.gc.cm.rbm.normal.gz"
"2b7e930d","gz/pcgacha.gc.cm.vnr.normal.gz"
"d131b544",""
"7dc42d45","gz/pcgacha.gcm.hakase.bts.gz"
"b5d6f447","gz/pcgacha.gcm.hakase.chn.gz"
"79ae7e4b","gz/pcgacha.gcm.hakase.dcb.gz"
"20310555","gz/pcgacha.gcm.hakase.fnl.gz"
"641a2c58",""
"4606f159","gz/pcgacha.gcm.hakase.gun.gz"
"ec55285c","gz/pcgacha.gcm.hakase.hdh.gz"
"59ddca6d","gz/pcgacha.gcm.hakase.lnc.gz"
"f69fb170","gz/pcgacha.gcm.hakase.mcb.gz"
"ad0d4885","gz/pcgacha.gcm.hakase.rbm.gz"
"9e812b97","gz/pcgacha.gcm.hakase.vnr.gz"
"6e1c732f","gz/pcgacha.gd.cm.bts.dash.gz"
"50610489",""
"1e37a3fb",""
"ea1b8014","gz/pcgacha.gd.cm.gun.laser.gz"
"dd0cbf3d","gz/pcgacha.gd.cm.gun.shot.gz"
"8849f5dc","gz/pcgacha.gd.cm.mcb.normal.gz"
"d3368284","gz/pcgacha.gd.cm.rbm.normal.gz"
"10c7fce4","gz/pcgacha.gd.cm.vnr.normal.gz"
"84864f9e","gz/pcgacha.gdm.pipotron.bts.gz"
"6bdc4db1",""
"4dc812b3","gz/pcgacha.gdm.pipotron.gun.gz"
"fd61d3c9","gz/pcgacha.gdm.pipotron.mcb.gz"
"b4cf69de","gz/pcgacha.gdm.pipotron.rbm.gz"
"a5434df0","gz/pcgacha.gdm.pipotron.vnr.gz"
"dbee1706","gz/pcgacha.ge.cm.bts.dash.gz"
"144681be","gz/pcgacha.ge.cm.dcb.normal.gz"
"08bc395f","gz/pcgacha.ge.cm.lnc.beam.gz"
"6d925eb4","gz/pcgacha.ge.cm.mcb.normal.gz"
"f50f66bc","gz/pcgacha.ge.cm.vnr.normal.gz"
"eaf6aea1","gz/pcgacha.gem.goritron.bts.gz"
"e6e0ffa7","gz/pcgacha.gem.goritron.dcb.gz"
"c60f4cca","gz/pcgacha.gem.goritron.lnc.gz"
"63d232cd","gz/pcgacha.gem.goritron.mcb.gz"
"0bb4acf3","gz/pcgacha.gem.goritron.vnr.gz"
"c414bdeb","gz/pcgacha.gf.cm.2tr.normal.gz"
"71322990","gz/pcgacha.gf.cm.bpk.normal.gz"
"9c084974","gz/pcgacha.gf.cm.bts.attack.gz"
"48c1bcdc","gz/pcgacha.gf.cm.bts.dash.gz"
"2a064e36","gz/pcgacha.gf.cm.bts.warp.gz"
"f98eea95","gz/pcgacha.gf.cm.dcb.normal.gz"
"74bcd136","gz/pcgacha.gf.cm.fnl.normal.gz"
"e8c875aa","gz/pcgacha.gf.cm.get.normal.gz"
"6cef2420","gz/pcgacha.gf.cm.gun.laser.gz"
"961c7cff","gz/pcgacha.gf.cm.gun.machine.gz"
"b7b108eb","gz/pcgacha.gf.cm.gun.shot.gz"
"817d3de2",""
"758ede35","gz/pcgacha.gf.cm.lnc.beam.gz"
"3773b963","gz/pcgacha.gf.cm.lnc.hadoho.gz"
"bef6431d","gz/pcgacha.gf.cm.lnc.homing.gz"
"2e0eaf2c","gz/pcgacha.gf.cm.lnc.nuclear.gz"
"9dc85433","gz/pcgacha.gf.cm.rbm.normal.gz"
"1e04d30b","gz/pcgacha.gf.cm.rfb.normal.gz"
"da58cf93","gz/pcgacha.gf.cm.vnr.normal.gz"
"729c99d6","gz/pcgacha.gfm.spector.2tr.gz"
"93d7869c","gz/pcgacha.gfm.spector.bpk.gz"
"3f6aff9c","gz/pcgacha.gfm.spector.bts.gz"
"3b5450a3","gz/pcgacha.gfm.spector.dcb.gz"
"e2d6d6ac","gz/pcgacha.gfm.spector.fnl.gz"
"26c0fdaf","gz/pcgacha.gfm.spector.get.gz"
"08acc2b1","gz/pcgacha.gfm.spector.gun.gz"
"1b839cc5","gz/pcgacha.gfm.spector.lnc.gz"
"6fb319dd","gz/pcgacha.gfm.spector.rbm.gz"
"b49683dd","gz/pcgacha.gfm.spector.rfb.gz"
"6027fdee","gz/pcgacha.gfm.spector.vnr.gz"
"a4a74bbc","gz/pcgacha.gh.cm.robo_l.piposol.gz"
"396aa1f0",""
"50b4ad2a",""
"bfe6b767","gz/pcgacha.gh.cm.robo_m.ac.gz"
"e118be21","gz/pcgacha.gh.cm.robo_m.piposol.gz"
"6ef9a071","gz/pcgacha.gh.cm.robo_m.piposol01.gz"
"d56e033e",""
"752b4bfd","gz/pcgacha.gh.cm.robo_s.ac.gz"
"4fc06c82","gz/pcgacha.gh.cm.robo_s.piposol.gz"
"ac549e77","gz/pcgacha.gh.cm.robo_s.piposol01.gz"
"481c2bc2","gz/pcgacha.gh.cm.tank_l.piposol.gz"
"3d2b9858",""
"d3d2cdba","gz/pcgacha.gh.cm.tank_m.ac.gz"
"858d9d27","gz/pcgacha.gh.cm.tank_m.piposol.gz"
"72ba97d9","gz/pcgacha.gh.cm.tank_m.piposol01.gz"
"89176150","gz/pcgacha.gh.cm.tank_s.ac.gz"
"f3344c88","gz/pcgacha.gh.cm.tank_s.piposol.gz"
"b01595df","gz/pcgacha.gh.cm.tank_s.piposol01.gz"
"2d33b64b","gz/pcgacha.ghm.cm.robo_l.gz"
"0af9b64b","gz/pcgacha.ghm.cm.robo_m.gz"
"389cbb4b","gz/pcgacha.ghm.cm.robo_s.gz"
"51a02d95","gz/pcgacha.ghm.cm.tank_l.gz"
"2e662e95","gz/pcgacha.ghm.cm.tank_m.gz"
"5c093395","gz/pcgacha.ghm.cm.tank_s.gz"
"2cc228f3","gz/pcmagic.blackhiroki_hissatsu_meca_a.gz"
"098829f3","gz/pcmagic.blackhiroki_hissatsu_meca_b.gz"
"e64d2af3","gz/pcmagic.blackhiroki_hissatsu_meca_c.gz"
"c3132bf3","gz/pcmagic.blackhiroki_hissatsu_meca_d.gz"
"f6105a61","gz/pcmagic.blackspector_hissatsu_meca_a.gz"
"d3d65a61","gz/pcmagic.blackspector_hissatsu_meca_b.gz"
"b09c5b61","gz/pcmagic.blackspector_hissatsu_meca_c.gz"
"8d625c61","gz/pcmagic.blackspector_hissatsu_meca_d.gz"
"6a285d61","gz/pcmagic.blackspector_hissatsu_meca_e.gz"
"47ee5d61","gz/pcmagic.blackspector_hissatsu_meca_f.gz"
"24b45e61","gz/pcmagic.blackspector_hissatsu_meca_g.gz"
"017a5f61",""
"de3f6061",""
"e98025c0",""
"d97e0985","gz/pcmagic.chall_hissatsu_meca_a.gz"
"b6440a85","gz/pcmagic.chall_hissatsu_meca_b.gz"
"930a0b85","gz/pcmagic.chall_hissatsu_meca_c.gz"
"70d00b85","gz/pcmagic.chall_hissatsu_meca_d.gz"
"4d960c85","gz/pcmagic.chall_hissatsu_meca_e.gz"
"2a5c0d85","gz/pcmagic.chall_hissatsu_meca_f.gz"
"07220e85","gz/pcmagic.chall_hissatsu_meca_g.gz"
"e00c278e",""
"795fd65d","gz/pcmagic.goritron_hissatsu_meca_a.gz"
"5625d75d","gz/pcmagic.goritron_hissatsu_meca_b.gz"
"33ebd75d","gz/pcmagic.goritron_hissatsu_meca_c.gz"
"10b1d85d","gz/pcmagic.goritron_hissatsu_meca_d.gz"
"66ca7db1","gz/pcmagic.hakase_hissatsu_meca_a.gz"
"43907eb1","gz/pcmagic.hakase_hissatsu_meca_b.gz"
"20567fb1","gz/pcmagic.hakase_hissatsu_meca_c.gz"
"fd1b80b1","gz/pcmagic.hakase_hissatsu_meca_d.gz"
"dae180b1","gz/pcmagic.hakase_hissatsu_meca_e.gz"
"99c6af6c",""
"cd854dd7","gz/pcmagic.haruka_hissatsu_meca_a.gz"
"aa4b4ed7","gz/pcmagic.haruka_hissatsu_meca_b.gz"
"87114fd7","gz/pcmagic.haruka_hissatsu_meca_c.gz"
"64d74fd7","gz/pcmagic.haruka_hissatsu_meca_d.gz"
"84d13aec",""
"9f5b776c","gz/pcmagic.hiroki_hissatsu_meca_a.gz"
"7c21786c","gz/pcmagic.hiroki_hissatsu_meca_b.gz"
"59e7786c","gz/pcmagic.hiroki_hissatsu_meca_c.gz"
"36ad796c","gz/pcmagic.hiroki_hissatsu_meca_d.gz"
"ce01e3e2",""
"bc99d59d","gz/pcmagic.kakeru_hissatsu_meca_a.gz"
"995fd69d","gz/pcmagic.kakeru_hissatsu_meca_b.gz"
"7625d79d","gz/pcmagic.kakeru_hissatsu_meca_c.gz"
"53ebd79d","gz/pcmagic.kakeru_hissatsu_meca_d.gz"
"d7f10a07",""
"3c7649f5","gz/pcmagic.legend_hissatsu_meca_a.gz"
"193c4af5","gz/pcmagic.legend_hissatsu_meca_b.gz"
"f6014bf5","gz/pcmagic.legend_hissatsu_meca_c.gz"
"d3c74bf5","gz/pcmagic.legend_hissatsu_meca_d.gz"
"b08d4cf5","gz/pcmagic.legend_hissatsu_meca_e.gz"
"8d534df5","gz/pcmagic.legend_hissatsu_meca_f.gz"
"0e3f972a","gz/pcmagic.natsumi_hissatsu_meca_a.gz"
"eb04982a","gz/pcmagic.natsumi_hissatsu_meca_b.gz"
"c8ca982a","gz/pcmagic.natsumi_hissatsu_meca_c.gz"
"a590992a","gz/pcmagic.natsumi_hissatsu_meca_d.gz"
"82569a2a","gz/pcmagic.natsumi_hissatsu_meca_e.gz"
"a1c36e8e",""
"7ba57fee","gz/pcmagic.pipo6_hissatsu_meca_a.gz"
"586b80ee","gz/pcmagic.pipo6_hissatsu_meca_b.gz"
"353181ee","gz/pcmagic.pipo6_hissatsu_meca_c.gz"
"12f781ee","gz/pcmagic.pipo6_hissatsu_meca_d.gz"
"efbc82ee","gz/pcmagic.pipo6_hissatsu_meca_e.gz"
"cc8283ee","gz/pcmagic.pipo6_hissatsu_meca_f.gz"
"a94884ee","gz/pcmagic.pipo6_hissatsu_meca_g.gz"
"860e85ee","gz/pcmagic.pipo6_hissatsu_meca_h.gz"
"ba10e184",""
"73682b30","gz/pcmagic.pipotron_blue_hissatsu_meca_a.gz"
"502e2c30","gz/pcmagic.pipotron_blue_hissatsu_meca_b.gz"
"2df42c30","gz/pcmagic.pipotron_blue_hissatsu_meca_c.gz"
"0aba2d30","gz/pcmagic.pipotron_blue_hissatsu_meca_d.gz"
"d2383163",""
"72e2c40c","gz/pcmagic.pipotron_red_hissatsu_meca_a.gz"
"4fa8c50c","gz/pcmagic.pipotron_red_hissatsu_meca_b.gz"
"2c6ec60c","gz/pcmagic.pipotron_red_hissatsu_meca_c.gz"
"0934c70c","gz/pcmagic.pipotron_red_hissatsu_meca_d.gz"
"f5c490ee",""
"eb51a9a7","gz/pcmagic.pipotron_yellow_hissatsu_meca_a.gz"
"c817aaa7","gz/pcmagic.pipotron_yellow_hissatsu_meca_b.gz"
"a5ddaaa7","gz/pcmagic.pipotron_yellow_hissatsu_meca_c.gz"
"82a3aba7","gz/pcmagic.pipotron_yellow_hissatsu_meca_d.gz"
"6a1d8d6f",""
"d720cd3b",""
"b86c364f",""
"46996dc7",""
"a9eade76",""
"989593b3",""
"68e115db",""
"76c2469c",""
"b8f7894c",""
"56049a6d",""
"598d4c56",""
"c894de84",""
"d0586fdc",""
"27a4f0d4",""
"2204d6ca",""
"a9cdfab7",""
"a82e9c36",""
"2b260ece",""
"88442e07",""
"953eb6e9","gz/pcmagic.spector_hissatsu_meca_a.gz"
"7204b7e9","gz/pcmagic.spector_hissatsu_meca_b.gz"
"4fcab7e9","gz/pcmagic.spector_hissatsu_meca_c.gz"
"2c90b8e9","gz/pcmagic.spector_hissatsu_meca_d.gz"
"0956b9e9","gz/pcmagic.spector_hissatsu_meca_e.gz"
"e61bbae9","gz/pcmagic.spector_hissatsu_meca_f.gz"
"c3e1bae9","gz/pcmagic.spector_hissatsu_meca_g.gz"
"a0a7bbe9","gz/pcmagic.spector_hissatsu_meca_h.gz"
"7d6dbce9","gz/pcmagic.spector_hissatsu_meca_i.gz"
"2c3ed466",""
"a72e5c7a","gz/pcmagic.vchall_hissatsu_meca_a.gz"
"84f45c7a","gz/pcmagic.vchall_hissatsu_meca_b.gz"
"61ba5d7a","gz/pcmagic.vchall_hissatsu_meca_c.gz"
"3e805e7a","gz/pcmagic.vchall_hissatsu_meca_d.gz"
"1b465f7a","gz/pcmagic.vchall_hissatsu_meca_e.gz"
"f80b607a","gz/pcmagic.vchall_hissatsu_meca_f.gz"
"d5d1607a","gz/pcmagic.vchall_hissatsu_meca_g.gz"
"c7a55fa0","gz/pcmagic.volcano_hissatsu_meca_a.gz"
"a46b60a0","gz/pcmagic.volcano_hissatsu_meca_b.gz"
"813161a0","gz/pcmagic.volcano_hissatsu_meca_c.gz"
"5ef761a0","gz/pcmagic.volcano_hissatsu_meca_d.gz"
"3bbd62a0","gz/pcmagic.volcano_hissatsu_meca_e.gz"
"188363a0","gz/pcmagic.volcano_hissatsu_meca_f.gz"
"f54864a0","gz/pcmagic.volcano_hissatsu_meca_g.gz"
"d20e65a0","gz/pcmagic.volcano_hissatsu_meca_h.gz"
"39f529e9","gz/pcsebd.blackhiroki.gz"
"c7f858dc","gz/pcsebd.blackspector.gz"
"5eb674d4","gz/pcsebd.chall.gz"
"da2abe51","gz/pcsebd.goritron.gz"
"4f6d6cd9","gz/pcsebd.hakase.gz"
"76ccaf59","gz/pcsebd.haruka.gz"
"c842f513","gz/pcsebd.hiroki.gz"
"25d6295a","gz/pcsebd.kakeru.gz"
"a5d28f2f","gz/pcsebd.legend.gz"
"2bc32a98","gz/pcsebd.natsumi.gz"
"80918102","gz/pcsebd.pipo6.gz"
"58257bf5","gz/pcsebd.pipotron_blue.gz"
"43914ed2","gz/pcsebd.pipotron_red.gz"
"287bd27c","gz/pcsebd.pipotron_yellow.gz"
"722ebb0b","gz/pcsebd.spector.gz"
"d007e6a3","gz/pcsebd.vchall.gz"
"24cea8df","gz/pcsebd.volcano.gz"
"bd1e824a",""
"814b7cb3","gz/pokepi.pokepi_kuro_a.gz"
"5e117db3","gz/pokepi.pokepi_kuro_b.gz"
"eb24d2d1","gz/pokepi.pokepi_pierre.gz"
"726c21f3",""
"03e4cd15","gz/pokepi.pokepi_suzuki.gz"
"f805f0a5",""
"aa6f7a50","gz/stage.01_boss01_gori01.gz"
"2f62887b","gz/stage.01_boss01_gori01_bd.gz"
"a7383ea3","gz/stage.02_city01_a.area0.gz"
"84fe3ea3","gz/stage.02_city01_a.area1.gz"
"58401ea3","gz/stage.02_city01_a.gz"
"656e89e2","gz/stage.02_city01_a_bd.gz"
"fd32e82a","gz/stage.03_city02_a.area0.gz"
"daf8e82a","gz/stage.03_city02_a.area1.gz"
"b7bee92a","gz/stage.03_city02_a.area2.gz"
"feb8ca50","gz/stage.03_city02_a.gz"
"b3534589","gz/stage.03_city02_a_bd.gz"
"9b496b0f","gz/stage.04_metro01_a.area0.gz"
"780f6c0f","gz/stage.04_metro01_a.area1.gz"
"ac9781d4","gz/stage.04_metro01_a.gz"
"e9757ff7","gz/stage.04_metro01_a_bd.gz"
"b8b90462","gz/stage.05_boss02_boss.gz"
"4516e70a","gz/stage.05_boss02_boss_bd.gz"
"16e5bf6d","gz/stage.06_bay01_a.area0.gz"
"f3aac06d","gz/stage.06_bay01_a.area1.gz"
"cf772913","gz/stage.06_bay01_a.gz"
"20e3e63d","gz/stage.06_bay01_a_bd.gz"
"389f9baa","gz/stage.07_bay02_a.area0.gz"
"15659caa","gz/stage.07_bay02_a.area1.gz"
"e103be7c","gz/stage.07_bay02_a.gz"
"aaa8edb2","gz/stage.07_bay02_a_bd.gz"
"6a003baf","gz/stage.08_park01_a.area0.gz"
"47c63baf","gz/stage.08_park01_a.area1.gz"
"83163f44","gz/stage.08_park01_a.gz"
"8468b140","gz/stage.08_park01_a_bd.gz"
"187b3c66","gz/stage.09_stadium_a.gz"
"25e6d796","gz/stage.09_stadium_a_bd.gz"
"1566b0a1","gz/stage.10_boss03_fly.gz"
"8e73be1d","gz/stage.10_boss03_fly_bd.gz"
"f3813d6c","gz/stage.11_hangar01_a.area0.gz"
"d0473e6c","gz/stage.11_hangar01_a.area1.gz"
"44d1c934","gz/stage.11_hangar01_a.gz"
"21262baa","gz/stage.11_hangar01_a_bd.gz"
"c29edbdd","gz/stage.12_hangar02_a.gz"
"e781ab51","gz/stage.12_hangar02_a_bd.gz"
"1530b183","gz/stage.13_boss04_gori02.gz"
"8ed5ded3","gz/stage.13_boss04_gori02_bd.gz"
"820e6f14","gz/stage.14_elevator_a.area0.gz"
"5fd46f14","gz/stage.14_elevator_a.area1.gz"
"3c9a7014","gz/stage.14_elevator_a.area2.gz"
"db175d62","gz/stage.14_elevator_a.gz"
"7c49a157","gz/stage.14_elevator_a_bd.gz"
"9ce158f2","gz/stage.15_kakeru_spector.gz"
"19fa3f66","gz/stage.15_kakeru_spector_bd.gz"
"ad4e55a8","gz/stage.15_pipo_spector.gz"
"c63618c1","gz/stage.15_pipo_spector_bd.gz"
"89e08f98","gz/stage.16_kakeru_goritron.gz"
"b26de635","gz/stage.16_kakeru_goritron_bd.gz"
"71a9e042","gz/stage.16_pipo_kakeru.gz"
"fa653e68","gz/stage.16_pipo_kakeru_bd.gz"
"cdb2d8bf","gz/stage.17_city01_vr.gz"
"66469229","gz/stage.17_city01_vr_bd.gz"
"25839e9b","gz/stage.18_bay01_vr.gz"
"5edaaa1c","gz/stage.18_bay01_vr_bd.gz"
"306a9905","gz/stage.19_park01_vr.gz"
"ddc50fae","gz/stage.19_park01_vr_bd.gz"
"8df2c654","gz/stage.20_boss07_grid.gz"
"260f4e12","gz/stage.20_boss07_grid_bd.gz"
"9f2c20a8","gz/stage.21_stadium_b.gz"
"b00a05b0","gz/stage.21_stadium_b_bd.gz"
"932551d9","gz/stage.22_park01_b.area0.gz"
"70eb51d9","gz/stage.22_park01_b.area1.gz"
"e4c7004d","gz/stage.22_park01_b.gz"
"412e67dd","gz/stage.22_park01_b_bd.gz"
"5b48bba4","gz/stage.23_bay02_b.area0.gz"
"380ebca4","gz/stage.23_bay02_b.area1.gz"
"6cc0093a","gz/stage.23_bay02_b.gz"
"a9636665","gz/stage.23_bay02_b_bd.gz"
"0320b216","gz/stage.24_bay01_b.area0.gz"
"e0e5b216","gz/stage.24_bay01_b.area1.gz"
"d4165a9b","gz/stage.24_bay01_b.gz"
"71033f3a","gz/stage.24_bay01_b_bd.gz"
"80fe334e","gz/stage.25_boss08_boss.gz"
"ed5ea34f","gz/stage.25_boss08_boss_bd.gz"
"bcf2c6fc","gz/stage.26_metro01_b.area0.gz"
"99b8c7fc","gz/stage.26_metro01_b.area1.gz"
"45e16020","gz/stage.26_metro01_b.gz"
"febbe44a","gz/stage.26_metro01_b_bd.gz"
"20b329ab","gz/stage.27_city02_b.area0.gz"
"fd782aab","gz/stage.27_city02_b.area1.gz"
"da3e2bab","gz/stage.27_city02_b.area2.gz"
"8914f4f8","gz/stage.27_city02_b.gz"
"b2516b88","gz/stage.27_city02_b_bd.gz"
"fccaee67","gz/stage.28_city01_b.area0.gz"
"d990ef67","gz/stage.28_city01_b.area1.gz"
"85575c9e","gz/stage.28_city01_b.gz"
"3e11f98e","gz/stage.28_city01_b_bd.gz"
"155bde78","gz/stage.29_boss09_boss.gz"
"8ef4f33d","gz/stage.29_boss09_boss_bd.gz"
"c6650571","gz/stage.30_daiba02_b.area0.gz"
"a32b0671","gz/stage.30_daiba02_b.area1.gz"
"80f10671","gz/stage.30_daiba02_b.area2.gz"
"ff7a6abd","gz/stage.30_daiba02_b.gz"
"90937a3f","gz/stage.30_daiba02_b_bd.gz"
"0a42108c","gz/stage.31_boss10_boss.gz"
"0fdfc236","gz/stage.31_boss10_boss_bd.gz"
"e5d5ceb1","gz/stage.50_k1.gz"
"1e0a1074","gz/stage.50_k1_bd.gz"
"2ff511d3","gz/stage.51_city.gz"
"00ff15d2","gz/stage.51_city_bd.gz"
"1e656e38","gz/stage.52_metro.gz"
"538b0575","gz/stage.52_metro_bd.gz"
"9ce16be2","gz/stage.53_bay.gz"
"19faa645","gz/stage.53_bay_bd.gz"
"2b6aedc3","gz/stage.54_UFO.gz"
"8ce88fa0","gz/stage.54_UFO_bd.gz"
"48d02db6","gz/stage.55_park.gz"
"9560bc50","gz/stage.55_park_bd.gz"
"4cde5405","gz/stage.56_daiba.gz"
"098e3cb3","gz/stage.56_daiba_bd.gz"
"ea0603ba","gz/stage.57_k1death.gz"
"6f34d7b2","gz/stage.57_k1death_bd.gz"
"1988ae91","gz/stage.58_UFO2.gz"
"02e54edc","gz/stage.58_UFO2_bd.gz"
"f25230cc","gz/stage.60_k1.gz"
"57ff733f","gz/stage.60_k1_bd.gz"
"4dbdde02","gz/stage.61_k1death.gz"
"e6d6ddab","gz/stage.61_k1death_bd.gz"
"b0ffcadb","gz/system.gz"
"5d55e9be","gz/system_bd.gz"
"0722afb2","gz/team.pipotron.gz"
"e1cdd8b9","gz/victory.col.chall.gz"
"f1453e5f","gz/victory.col.goritron.gz"
"3ed3e300","gz/victory.col.hakase.gz"
"65322781","gz/victory.col.haruka.gz"
"b7a86c3b","gz/victory.col.hiroki.gz"
"143ca181","gz/victory.col.kakeru.gz"
"94380757","gz/victory.col.legend.gz"
"b67e6c4c","gz/victory.col.natsumi.gz"
"03a9e5e7","gz/victory.col.pipo6.gz"
"604eda0f","gz/victory.col.pipotron.gz"
"fde9fcbf","gz/victory.col.spector.gz"
"af89ea93","gz/victory.col.volcano.gz"
"54110b1e","gz/victory.vs.chall.gz"
"38ff898c","gz/victory.vs.goritron.gz"
"dd92277c","gz/victory.vs.hakase.gz"
"04f26afc","gz/victory.vs.haruka.gz"
"5668b0b6","gz/victory.vs.hiroki.gz"
"b3fbe4fc","gz/victory.vs.kakeru.gz"
"33f84ad2","gz/victory.vs.legend.gz"
"b130371d","gz/victory.vs.natsumi.gz"
"76ec174c","gz/victory.vs.pipo6.gz"
"a707263d","gz/victory.vs.pipotron.gz"
"f89bc790","gz/victory.vs.spector.gz"
"aa3bb564","gz/victory.vs.volcano.gz"
