"Found string at 0x12d0 with id 88 06 00 00; allocation_length 6; actual length 2"
ALLOC BIGGER THAN STRING LEN
"8C06",
"??",
"Found string at 0x12d8 with id 8c 06 00 00; allocation_length 5; actual length 2"
ALLOC BIGGER THAN STRING LEN
"9006",
"??",
"Found string at 0x12e0 with id 90 06 00 00; allocation_length 6; actual length 2"
ALLOC BIGGER THAN STRING LEN
"9406",
"??",
"Found string at 0x1360 with id 88 07 00 00; allocation_length 5; actual length 2"
ALLOC BIGGER THAN STRING LEN
"8C07",
"??",
"Found string at 0x13e8 with id 60 08 00 00; allocation_length 4; actual length 2"
ALLOC BIGGER THAN STRING LEN
"9008",
"??",
"Found string at 0x13f0 with id 90 08 00 00; allocation_length 5; actual length 2"
ALLOC BIGGER THAN STRING LEN
"9408",
"??",
"Found string at 0x14b8 with id 88 09 00 00; allocation_length 2; actual length 2"
"8C09",
"??",
"Found string at 0x14c0 with id 8c 09 00 00; allocation_length 2; actual length 2"
"9009",
"??",
"Found string at 0x14c8 with id 90 09 00 00; allocation_length 2; actual length 2"
"9409",
"??",
"Found string at 0xa034 with id 48 00 00 00; allocation_length 4; actual length 2"
ALLOC BIGGER THAN STRING LEN
"8C00",
"??",
"Found string at 0xa07c with id 84 01 00 00; allocation_length 4; actual length 2"
ALLOC BIGGER THAN STRING LEN
"9001",
"??",
"Found string at 0xa28c with id 88 07 00 00; allocation_length 5; actual length 2"
ALLOC BIGGER THAN STRING LEN
"8C07",
"??",
"Found string at 0xa3b4 with id 64 09 00 00; allocation_length 6; actual length 2"
ALLOC BIGGER THAN STRING LEN
"8C09",
"??",
"Found string at 0xa3bc with id 8c 09 00 00; allocation_length 4; actual length 2"
ALLOC BIGGER THAN STRING LEN
"9409",
"??",
"Found string at 0xa43c with id 4c 0a 00 00; allocation_length 4; actual length 2"
ALLOC BIGGER THAN STRING LEN
"8C0A",
"??",
"Found string at 0xa444 with id 8c 0a 00 00; allocation_length 5; actual length 2"
ALLOC BIGGER THAN STRING LEN
"900A",
"??",
"Found string at 0xa4ac with id 7c 0b 00 00; allocation_length 4; actual length 2"
ALLOC BIGGER THAN STRING LEN
"900B",
"??",
"Found string at 0xa524 with id 80 0c 00 00; allocation_length 4; actual length 2"
ALLOC BIGGER THAN STRING LEN
"940C",
"??",
"Found string at 0xa58c with id 88 0d 00 00; allocation_length 4; actual length 2"
ALLOC BIGGER THAN STRING LEN
"900D",
"??",
"Found string at 0xa6a4 with id 74 10 00 00; allocation_length 4; actual length 2"
ALLOC BIGGER THAN STRING LEN
"9010",
"??",
"Found string at 0xa6e4 with id 88 11 00 00; allocation_length 4; actual length 2"
ALLOC BIGGER THAN STRING LEN
"9411",
"??",
"Found string at 0xa81c with id 7c 14 00 00; allocation_length 4; actual length 2"
ALLOC BIGGER THAN STRING LEN
"8C14",
"??",
"Found string at 0xa824 with id 8c 14 00 00; allocation_length 4; actual length 2"
ALLOC BIGGER THAN STRING LEN
"9414",
"??",
"Found string at 0xa8e4 with id 84 16 00 00; allocation_length 4; actual length 2"
ALLOC BIGGER THAN STRING LEN
"9016",
"??",
"Found string at 0xa92c with id 7c 17 00 00; allocation_length 4; actual length 2"
ALLOC BIGGER THAN STRING LEN
"8C17",
"??",
"Found string at 0xa934 with id 8c 17 00 00; allocation_length 4; actual length 2"
ALLOC BIGGER THAN STRING LEN
"9417",
"??",
"Found string at 0xa9cc with id 80 19 00 00; allocation_length 4; actual length 2"
ALLOC BIGGER THAN STRING LEN
"9019",
"??",
"Found string at 0xaa2c with id 48 1a 00 00; allocation_length 4; actual length 2"
ALLOC BIGGER THAN STRING LEN
"941A",
"??",
"Found string at 0xab74 with id 84 1e 00 00; allocation_length 4; actual length 2"
ALLOC BIGGER THAN STRING LEN
"8C1E",
"??",
"Found string at 0xac3c with id 78 20 00 00; allocation_length 4; actual length 2"
ALLOC BIGGER THAN STRING LEN
"8C20",
"??",
"Found string at 0xac74 with id 7c 21 00 00; allocation_length 4; actual length 2"
ALLOC BIGGER THAN STRING LEN
"8C21",
"??",
"Found string at 0xacec with id 7c 22 00 00; allocation_length 4; actual length 2"
ALLOC BIGGER THAN STRING LEN
"9422",
"??",
"Found string at 0xae24 with id 70 28 00 00; allocation_length 4; actual length 2"
ALLOC BIGGER THAN STRING LEN
"8C28",
"??",
"Found string at 0xae7c with id 84 29 00 00; allocation_length 4; actual length 2"
ALLOC BIGGER THAN STRING LEN
"9029",
"??",
"Found string at 0xaf14 with id 74 2b 00 00; allocation_length 4; actual length 2"
ALLOC BIGGER THAN STRING LEN
"902B",
"??",
"Found string at 0xb024 with id 74 2e 00 00; allocation_length 4; actual length 2"
ALLOC BIGGER THAN STRING LEN
"942E",
"??",
"Found string at 0xb07c with id 84 2f 00 00; allocation_length 4; actual length 2"
ALLOC BIGGER THAN STRING LEN
"8C2F",
"??",
"Found string at 0xb12c with id 88 31 00 00; allocation_length 4; actual length 2"
ALLOC BIGGER THAN STRING LEN
"9031",
"??",
"Found string at 0xb1bc with id 84 32 00 00; allocation_length 4; actual length 2"
ALLOC BIGGER THAN STRING LEN
"8C32",
"??",
"Found string at 0xb28c with id 74 34 00 00; allocation_length 6; actual length 2"
ALLOC BIGGER THAN STRING LEN
"9034",
"??",
"Found string at 0xb6f4 with id 54 40 00 00; allocation_length 4; actual length 2"
ALLOC BIGGER THAN STRING LEN
"9040",
"多",
"Found string at 0xb7a4 with id cc 46 00 00; allocation_length 6; actual length 2"
ALLOC BIGGER THAN STRING LEN
"9047",
"太",
"Found string at 0xb7ac with id 90 47 00 00; allocation_length 5; actual length 2"
ALLOC BIGGER THAN STRING LEN
"9447",
"旭",
"Found string at 0xb80c with id 80 49 00 00; allocation_length 6; actual length 2"
ALLOC BIGGER THAN STRING LEN
"9449",
"晃",
"Found string at 0xb87c with id 58 4a 00 00; allocation_length 6; actual length 2"
ALLOC BIGGER THAN STRING LEN
"904A",
"帯",
"Found string at 0xb8e4 with id 88 4b 00 00; allocation_length 5; actual length 2"
ALLOC BIGGER THAN STRING LEN
"8C4B",
"契",
"Found string at 0xb9ac with id 58 4d 00 00; allocation_length 6; actual length 2"
ALLOC BIGGER THAN STRING LEN
"944D",
"曙",
"Found string at 0xba74 with id 84 4f 00 00; allocation_length 6; actual length 2"
ALLOC BIGGER THAN STRING LEN
"944F",
"敦",
"Found string at 0xbbdc with id 84 52 00 00; allocation_length 5; actual length 2"
ALLOC BIGGER THAN STRING LEN
"8C52",
"携",
"Found string at 0xbcd4 with id 5c 56 00 00; allocation_length 4; actual length 2"
ALLOC BIGGER THAN STRING LEN
"9456",
"亥",
"Found string at 0xbd44 with id 88 57 00 00; allocation_length 5; actual length 2"
ALLOC BIGGER THAN STRING LEN
"9057",
"代",
"Found string at 0xbdfc with id 84 59 00 00; allocation_length 5; actual length 2"
ALLOC BIGGER THAN STRING LEN
"8C59",
"茎",
"Found string at 0xbedc with id 88 5a 00 00; allocation_length 5; actual length 2"
ALLOC BIGGER THAN STRING LEN
"905A",
"第",
"Found string at 0xbf84 with id 78 5b 00 00; allocation_length 6; actual length 2"
ALLOC BIGGER THAN STRING LEN
"905B",
"題",
"Found string at 0xc054 with id 78 5d 00 00; allocation_length 4; actual length 2"
ALLOC BIGGER THAN STRING LEN
"8C5D",
"軽",
"Found string at 0xc0cc with id 88 5e 00 00; allocation_length 5; actual length 2"
ALLOC BIGGER THAN STRING LEN
"905E",
"択",
"Found string at 0xc23c with id 74 61 00 00; allocation_length 6; actual length 2"
ALLOC BIGGER THAN STRING LEN
"8C61",
"??",
"Found string at 0xc244 with id 8c 61 00 00; allocation_length 4; actual length 2"
ALLOC BIGGER THAN STRING LEN
"9461",
"卯",
"Found string at 0xc2bc with id 84 62 00 00; allocation_length 6; actual length 2"
ALLOC BIGGER THAN STRING LEN
"9462",
"丑",
"Found string at 0xc334 with id 88 63 00 00; allocation_length 5; actual length 2"
ALLOC BIGGER THAN STRING LEN
"8C63",
"撃",
"Found string at 0xc48c with id 88 67 00 00; allocation_length 5; actual length 2"
ALLOC BIGGER THAN STRING LEN
"8C67",
"決",
"Found string at 0xc494 with id 8c 67 00 00; allocation_length 6; actual length 2"
ALLOC BIGGER THAN STRING LEN
"9467",
"苑",
"Found string at 0xc654 with id 88 6d 00 00; allocation_length 5; actual length 2"
ALLOC BIGGER THAN STRING LEN
"8C6D",
"件",
"Found string at 0xc65c with id 8c 6d 00 00; allocation_length 6; actual length 2"
ALLOC BIGGER THAN STRING LEN
"946D",
"治",
"Found string at 0xc74c with id 88 70 00 00; allocation_length 6; actual length 2"
ALLOC BIGGER THAN STRING LEN
"9070",
"短",
"Found string at 0xc754 with id 90 70 00 00; allocation_length 5; actual length 2"
ALLOC BIGGER THAN STRING LEN
"9470",
"垣",
"Found string at 0xc894 with id 84 74 00 00; allocation_length 6; actual length 2"
ALLOC BIGGER THAN STRING LEN
"9474",
"貝",
"Found string at 0xc8bc with id 54 75 00 00; allocation_length 4; actual length 2"
ALLOC BIGGER THAN STRING LEN
"9075",
"壇",
"Found string at 0xc8dc with id 4c 76 00 00; allocation_length 4; actual length 2"
ALLOC BIGGER THAN STRING LEN
"8C76",
"建",
"Found string at 0xc9ec with id 88 79 00 00; allocation_length 4; actual length 2"
ALLOC BIGGER THAN STRING LEN
"9079",
"段",
"Found string at 0xcacc with id 88 7a 00 00; allocation_length 5; actual length 2"
ALLOC BIGGER THAN STRING LEN
"8C7A",
"検",
"Found string at 0xcc14 with id 88 7c 00 00; allocation_length 2; actual length 2"
"8C7C",
"犬",
"Found string at 0xcc1c with id 8c 7c 00 00; allocation_length 2; actual length 2"
"907C",
"値",
"Found string at 0xcc24 with id 90 7c 00 00; allocation_length 2; actual length 2"
"947C",
"馨",
"Found string at 0xcd44 with id 88 82 00 00; allocation_length 2; actual length 2"
"8C82",
"??",
"Found string at 0x20c6c with id 88 00 00 00; allocation_length 2; actual length 2"
"8C00",
"??",
"Found string at 0x20c74 with id 8c 00 00 00; allocation_length 2; actual length 2"
"9000",
"??",
"Found string at 0x20c7c with id 90 00 00 00; allocation_length 2; actual length 2"
"9400",
"??",
"Found string at 0x20e3c with id 84 02 00 00; allocation_length 4; actual length 2"
ALLOC BIGGER THAN STRING LEN
"8C02",
"??",
"Found string at 0x20e44 with id 8c 02 00 00; allocation_length 4; actual length 2"
ALLOC BIGGER THAN STRING LEN
"9402",
"??",
"Found string at 0x20f8c with id 54 07 00 00; allocation_length 6; actual length 2"
ALLOC BIGGER THAN STRING LEN
"9007",
"??",
"Found string at 0x20fd4 with id 84 08 00 00; allocation_length 4; actual length 2"
ALLOC BIGGER THAN STRING LEN
"8C08",
"??",
"Found string at 0x2114c with id 84 0b 00 00; allocation_length 4; actual length 2"
ALLOC BIGGER THAN STRING LEN
"8C0B",
"??",
"Found string at 0x21154 with id 8c 0b 00 00; allocation_length 5; actual length 2"
ALLOC BIGGER THAN STRING LEN
"940B",
"??",
"Found string at 0x2121c with id 84 0d 00 00; allocation_length 4; actual length 2"
ALLOC BIGGER THAN STRING LEN
"900D",
"??",
"Found string at 0x212ac with id 58 0f 00 00; allocation_length 4; actual length 2"
ALLOC BIGGER THAN STRING LEN
"940F",
"??",
"Found string at 0x21434 with id 84 13 00 00; allocation_length 5; actual length 2"
ALLOC BIGGER THAN STRING LEN
"8C13",
"??",
"Found string at 0x2143c with id 8c 13 00 00; allocation_length 6; actual length 2"
ALLOC BIGGER THAN STRING LEN
"9013",
"??",
"Found string at 0x214d4 with id 88 14 00 00; allocation_length 5; actual length 2"
ALLOC BIGGER THAN STRING LEN
"9014",
"??",
"Found string at 0x215ec with id 80 16 00 00; allocation_length 4; actual length 2"
ALLOC BIGGER THAN STRING LEN
"9416",
"??",
"Found string at 0x21684 with id 88 17 00 00; allocation_length 6; actual length 2"
ALLOC BIGGER THAN STRING LEN
"8C17",
"??",
"Found string at 0x2168c with id 8c 17 00 00; allocation_length 5; actual length 2"
ALLOC BIGGER THAN STRING LEN
"9417",
"??",
"Found string at 0x2172c with id 84 18 00 00; allocation_length 4; actual length 2"
ALLOC BIGGER THAN STRING LEN
"8C18",
"??",
"Found string at 0x21734 with id 8c 18 00 00; allocation_length 5; actual length 2"
ALLOC BIGGER THAN STRING LEN
"9418",
"??",
"Found string at 0x21774 with id 6c 19 00 00; allocation_length 6; actual length 2"
ALLOC BIGGER THAN STRING LEN
"8C19",
"??",
"Found string at 0x2177c with id 8c 19 00 00; allocation_length 4; actual length 2"
ALLOC BIGGER THAN STRING LEN
"9419",
"??",
"Found string at 0x2182c with id 84 1b 00 00; allocation_length 5; actual length 2"
ALLOC BIGGER THAN STRING LEN
"8C1B",
"??",
"Found string at 0x21834 with id 8c 1b 00 00; allocation_length 6; actual length 2"
ALLOC BIGGER THAN STRING LEN
"901B",
"??",
"Found string at 0x2194c with id 74 1e 00 00; allocation_length 4; actual length 2"
ALLOC BIGGER THAN STRING LEN
"8C1E",
"??",
"Found string at 0x2198c with id 84 1f 00 00; allocation_length 5; actual length 2"
ALLOC BIGGER THAN STRING LEN
"8C1F",
"??",
"Found string at 0x219c4 with id 50 20 00 00; allocation_length 4; actual length 2"
ALLOC BIGGER THAN STRING LEN
"8C20",
"??",
"Found string at 0x219cc with id 8c 20 00 00; allocation_length 5; actual length 2"
ALLOC BIGGER THAN STRING LEN
"9420",
"??",
"Found string at 0x21a1c with id 88 21 00 00; allocation_length 5; actual length 2"
ALLOC BIGGER THAN STRING LEN
"9021",
"??",
"Found string at 0x21a7c with id 84 22 00 00; allocation_length 4; actual length 2"
ALLOC BIGGER THAN STRING LEN
"8C22",
"??",
"Found string at 0x21a84 with id 8c 22 00 00; allocation_length 4; actual length 2"
ALLOC BIGGER THAN STRING LEN
"9422",
"??",
"Found string at 0x21be4 with id 4c 27 00 00; allocation_length 4; actual length 2"
ALLOC BIGGER THAN STRING LEN
"9427",
"??",
"Found string at 0x21d9c with id 80 2c 00 00; allocation_length 4; actual length 2"
ALLOC BIGGER THAN STRING LEN
"8C2C",
"??",
"Found string at 0x21da4 with id 8c 2c 00 00; allocation_length 4; actual length 2"
ALLOC BIGGER THAN STRING LEN
"942C",
"??",
"Found string at 0x22024 with id 58 33 00 00; allocation_length 6; actual length 2"
ALLOC BIGGER THAN STRING LEN
"8C33",
"??",
"Found string at 0x22044 with id 44 34 00 00; allocation_length 4; actual length 2"
ALLOC BIGGER THAN STRING LEN
"9434",
"??",
"Found string at 0x2206c with id 7c 35 00 00; allocation_length 6; actual length 2"
ALLOC BIGGER THAN STRING LEN
"9435",
"??",
"Found string at 0x220fc with id ac 37 00 00; allocation_length 4; actual length 2"
ALLOC BIGGER THAN STRING LEN
"9038",
"??",
"Found string at 0x22154 with id 88 39 00 00; allocation_length 5; actual length 2"
ALLOC BIGGER THAN STRING LEN
"8C39",
"??",
"Found string at 0x22234 with id 88 3b 00 00; allocation_length 4; actual length 2"
ALLOC BIGGER THAN STRING LEN
"903B",
"??",
"Found string at 0x2231c with id 88 3d 00 00; allocation_length 6; actual length 2"
ALLOC BIGGER THAN STRING LEN
"903D",
"??",
"Found string at 0x22424 with id 88 3f 00 00; allocation_length 4; actual length 2"
ALLOC BIGGER THAN STRING LEN
"903F",
"??",
"Found string at 0x22544 with id 74 45 00 00; allocation_length 6; actual length 2"
ALLOC BIGGER THAN STRING LEN
"9445",
"葵",
"Found string at 0x22614 with id 40 49 00 00; allocation_length 6; actual length 2"
ALLOC BIGGER THAN STRING LEN
"8C49",
"??",
"Found string at 0x2261c with id 8c 49 00 00; allocation_length 5; actual length 2"
ALLOC BIGGER THAN STRING LEN
"9049",
"??",
"Found string at 0x22774 with id 88 4f 00 00; allocation_length 5; actual length 2"
ALLOC BIGGER THAN STRING LEN
"8C4F",
"??",
"Found string at 0x228bc with id 60 56 00 00; allocation_length 6; actual length 2"
ALLOC BIGGER THAN STRING LEN
"8C56",
"系",
"Found string at 0x228fc with id 68 58 00 00; allocation_length 4; actual length 2"
ALLOC BIGGER THAN STRING LEN
"8C58",
"継",
"Found string at 0x22904 with id 8c 58 00 00; allocation_length 5; actual length 2"
ALLOC BIGGER THAN STRING LEN
"9058",
"台",
"Found string at 0x229ec with id 78 5b 00 00; allocation_length 4; actual length 2"
ALLOC BIGGER THAN STRING LEN
"8C5B",
"計",
"Found string at 0x229f4 with id 8c 5b 00 00; allocation_length 4; actual length 2"
ALLOC BIGGER THAN STRING LEN
"945B",
"磯",
"Found string at 0x22a7c with id 24 5d 00 00; allocation_length 4; actual length 2"
ALLOC BIGGER THAN STRING LEN
"905D",
"宅",
"Found string at 0x22ac4 with id 74 5e 00 00; allocation_length 6; actual length 2"
ALLOC BIGGER THAN STRING LEN
"945E",
"允",
"Found string at 0x22af4 with id 84 60 00 00; allocation_length 6; actual length 2"
ALLOC BIGGER THAN STRING LEN
"9060",
"沢",
"Found string at 0x22b4c with id 6c 62 00 00; allocation_length 4; actual length 2"
ALLOC BIGGER THAN STRING LEN
"8C62",
"劇",
"Found string at 0x22b54 with id 8c 62 00 00; allocation_length 5; actual length 2"
ALLOC BIGGER THAN STRING LEN
"9062",
"託",
"Found string at 0x22c04 with id 88 66 00 00; allocation_length 5; actual length 2"
ALLOC BIGGER THAN STRING LEN
"8C66",
"欠",
"Found string at 0x22d24 with id 4c 6d 00 00; allocation_length 4; actual length 2"
ALLOC BIGGER THAN STRING LEN
"8C6D",
"件",
"Found string at 0x22d2c with id 8c 6d 00 00; allocation_length 4; actual length 2"
ALLOC BIGGER THAN STRING LEN
"946D",
"治",
"Found string at 0x22d54 with id 24 6e 00 00; allocation_length 4; actual length 2"
ALLOC BIGGER THAN STRING LEN
"946E",
"掛",
"Found string at 0x22db4 with id 88 70 00 00; allocation_length 5; actual length 2"
ALLOC BIGGER THAN STRING LEN
"8C70",
"兼",
"Found string at 0x22ebc with id 60 78 00 00; allocation_length 4; actual length 2"
ALLOC BIGGER THAN STRING LEN
"9079",
"段",
"Found string at 0x22f2c with id 6c 7b 00 00; allocation_length 4; actual length 2"
ALLOC BIGGER THAN STRING LEN
"947B",
"楓",
"Found string at 0x23024 with id 7c 80 00 00; allocation_length 4; actual length 2"
ALLOC BIGGER THAN STRING LEN
"9480",
"嵩",
"Found string at 0x2304c with id 50 81 00 00; allocation_length 4; actual length 2"
ALLOC BIGGER THAN STRING LEN
"9481",
"霞",
"Found string at 0x2307c with id 70 82 00 00; allocation_length 4; actual length 2"
ALLOC BIGGER THAN STRING LEN
"9082",
"知",
"Found string at 0x230a4 with id 54 83 00 00; allocation_length 4; actual length 2"
ALLOC BIGGER THAN STRING LEN
"9483",
"??",
"Found string at 0x2311c with id 6c 86 00 00; allocation_length 4; actual length 2"
ALLOC BIGGER THAN STRING LEN
"9486",
"??",
"Found string at 0x2325c with id 88 8c 00 00; allocation_length 6; actual length 2"
ALLOC BIGGER THAN STRING LEN
"8C8C",
"原",
"Found string at 0x23264 with id 8c 8c 00 00; allocation_length 5; actual length 2"
ALLOC BIGGER THAN STRING LEN
"908C",
"秩",
"Found string at 0x232d4 with id 78 8d 00 00; allocation_length 4; actual length 2"
ALLOC BIGGER THAN STRING LEN
"948D",
"??",
"Found string at 0x233f4 with id 7c 92 00 00; allocation_length 4; actual length 2"
ALLOC BIGGER THAN STRING LEN
"9092",
"仲",
"Found string at 0x2340c with id c0 92 00 00; allocation_length 6; actual length 2"
ALLOC BIGGER THAN STRING LEN
"8C93",
"現",
"Found string at 0x2345c with id 58 94 00 00; allocation_length 4; actual length 2"
ALLOC BIGGER THAN STRING LEN
"9494",
"??",
"Found string at 0x234cc with id 70 96 00 00; allocation_length 6; actual length 2"
ALLOC BIGGER THAN STRING LEN
"9496",
"??",
"Found string at 0x23524 with id 88 97 00 00; allocation_length 5; actual length 2"
ALLOC BIGGER THAN STRING LEN
"9097",
"柱",
"Found string at 0x235f4 with id 7c 9a 00 00; allocation_length 4; actual length 2"
ALLOC BIGGER THAN STRING LEN
"909A",
"??",
"Found string at 0x235fc with id 90 9a 00 00; allocation_length 5; actual length 2"
ALLOC BIGGER THAN STRING LEN
"949A",
"圭",
"Found string at 0x23654 with id 60 9b 00 00; allocation_length 4; actual length 2"
ALLOC BIGGER THAN STRING LEN
"949B",
"??",
"Found string at 0x23694 with id 7c 9c 00 00; allocation_length 4; actual length 2"
ALLOC BIGGER THAN STRING LEN
"909C",
"??",
"Found string at 0x23734 with id 7c 9f 00 00; allocation_length 4; actual length 2"
ALLOC BIGGER THAN STRING LEN
"909F",
"??",
"Found string at 0x2373c with id 90 9f 00 00; allocation_length 5; actual length 2"
ALLOC BIGGER THAN STRING LEN
"949F",
"??",
"Found string at 0x23794 with id 80 a0 00 00; allocation_length 4; actual length 2"
ALLOC BIGGER THAN STRING LEN
"90A0",
"丁",
"Found string at 0x238d4 with id 84 a3 00 00; allocation_length 6; actual length 2"
ALLOC BIGGER THAN STRING LEN
"8CA3",
"雇",
"Found string at 0x238dc with id 8c a3 00 00; allocation_length 5; actual length 2"
ALLOC BIGGER THAN STRING LEN
"90A3",
"??",
"Found string at 0x238e4 with id 90 a3 00 00; allocation_length 6; actual length 2"
ALLOC BIGGER THAN STRING LEN
"94A3",
"??",
"Found string at 0x239bc with id 7c a6 00 00; allocation_length 6; actual length 2"
ALLOC BIGGER THAN STRING LEN
"8CA6",
"五",
"Found string at 0x239c4 with id 8c a6 00 00; allocation_length 5; actual length 2"
ALLOC BIGGER THAN STRING LEN
"94A6",
"鯉",
"Found string at 0x23a14 with id 38 a7 00 00; allocation_length 4; actual length 2"
ALLOC BIGGER THAN STRING LEN
"94A7",
"??",
"Found string at 0x23b14 with id 84 aa 00 00; allocation_length 5; actual length 2"
ALLOC BIGGER THAN STRING LEN
"88AA",
"B",
"Found string at 0x23b1c with id 88 aa 00 00; allocation_length 6; actual length 2"
ALLOC BIGGER THAN STRING LEN
"8CAA",
"娯",
"Found string at 0x23b24 with id 8c aa 00 00; allocation_length 4; actual length 2"
ALLOC BIGGER THAN STRING LEN
"94AA",
"??",
"Found string at 0x23bd4 with id 7c ab 00 00; allocation_length 6; actual length 2"
ALLOC BIGGER THAN STRING LEN
"94AB",
"鴻",
"Found string at 0x23c5c with id 78 ac 00 00; allocation_length 4; actual length 2"
ALLOC BIGGER THAN STRING LEN
"88AC",
"D",
"Found string at 0x23d64 with id 38 b2 00 00; allocation_length 4; actual length 2"
ALLOC BIGGER THAN STRING LEN
"88B2",
"J",
"Found string at 0x23dbc with id 84 b4 00 00; allocation_length 5; actual length 2"
ALLOC BIGGER THAN STRING LEN
"88B4",
"L",
"Found string at 0x23dc4 with id 88 b4 00 00; allocation_length 6; actual length 2"
ALLOC BIGGER THAN STRING LEN
"8CB4",
"光",
"Found string at 0x23df4 with id 80 b5 00 00; allocation_length 4; actual length 2"
ALLOC BIGGER THAN STRING LEN
"90B5",
"釣",
"Found string at 0x23ec4 with id 4c b8 00 00; allocation_length 4; actual length 2"
ALLOC BIGGER THAN STRING LEN
"90B8",
"??",
"Found string at 0x23ecc with id 90 b8 00 00; allocation_length 5; actual length 2"
ALLOC BIGGER THAN STRING LEN
"94B8",
"??",
"Found string at 0x23f34 with id 64 b9 00 00; allocation_length 4; actual length 2"
ALLOC BIGGER THAN STRING LEN
"90B9",
"勅",
"Found string at 0x23f3c with id 90 b9 00 00; allocation_length 5; actual length 2"
ALLOC BIGGER THAN STRING LEN
"94B9",
"??",
"Found string at 0x2404c with id 64 bc 00 00; allocation_length 6; actual length 2"
ALLOC BIGGER THAN STRING LEN
"8CBC",
"??",
"Found string at 0x24054 with id 8c bc 00 00; allocation_length 5; actual length 2"
ALLOC BIGGER THAN STRING LEN
"90BC",
"沈",
"Found string at 0x24084 with id 5c bd 00 00; allocation_length 4; actual length 2"
ALLOC BIGGER THAN STRING LEN
"90BD",
"珍",
"Found string at 0x240b4 with id 78 be 00 00; allocation_length 4; actual length 2"
ALLOC BIGGER THAN STRING LEN
"8CBE",
"孔",
"Found string at 0x241bc with id 6c c1 00 00; allocation_length 4; actual length 2"
ALLOC BIGGER THAN STRING LEN
"88C1",
"Y",
"Found string at 0x24234 with id 80 c2 00 00; allocation_length 6; actual length 2"
ALLOC BIGGER THAN STRING LEN
"90C2",
"追",
"Found string at 0x242cc with id 78 c3 00 00; allocation_length 4; actual length 2"
ALLOC BIGGER THAN STRING LEN
"90C3",
"痛",
"Found string at 0x24344 with id 74 c4 00 00; allocation_length 4; actual length 2"
ALLOC BIGGER THAN STRING LEN
"88C4",
"b",
"Found string at 0x2434c with id 88 c4 00 00; allocation_length 5; actual length 2"
ALLOC BIGGER THAN STRING LEN
"8CC4",
"行",
"Found string at 0x24354 with id 8c c4 00 00; allocation_length 6; actual length 2"
ALLOC BIGGER THAN STRING LEN
"94C4",
"椎",
"Found string at 0x243c4 with id 84 c6 00 00; allocation_length 6; actual length 2"
ALLOC BIGGER THAN STRING LEN
"88C6",
"d",
"Found string at 0x243cc with id 88 c6 00 00; allocation_length 5; actual length 2"
ALLOC BIGGER THAN STRING LEN
"8CC6",
"恒",
"Found string at 0x243d4 with id 8c c6 00 00; allocation_length 6; actual length 2"
ALLOC BIGGER THAN STRING LEN
"94C6",
"??",
"Found string at 0x244b4 with id 80 c8 00 00; allocation_length 6; actual length 2"
ALLOC BIGGER THAN STRING LEN
"90C8",
"偵",
"Found string at 0x244bc with id 90 c8 00 00; allocation_length 5; actual length 2"
ALLOC BIGGER THAN STRING LEN
"94C8",
"??",
"Found string at 0x24574 with id 6c ca 00 00; allocation_length 6; actual length 2"
ALLOC BIGGER THAN STRING LEN
"8CCA",
"控",
"Found string at 0x2457c with id 8c ca 00 00; allocation_length 5; actual length 2"
ALLOC BIGGER THAN STRING LEN
"90CA",
"堤",
"Found string at 0x24584 with id 90 ca 00 00; allocation_length 6; actual length 2"
ALLOC BIGGER THAN STRING LEN
"94CA",
"??",
"Found string at 0x245d4 with id 7c cb 00 00; allocation_length 4; actual length 2"
ALLOC BIGGER THAN STRING LEN
"88CB",
"i",
"Found string at 0x245dc with id 88 cb 00 00; allocation_length 5; actual length 2"
ALLOC BIGGER THAN STRING LEN
"90CB",
"定",
"Found string at 0x2462c with id 84 cc 00 00; allocation_length 5; actual length 2"
ALLOC BIGGER THAN STRING LEN
"88CC",
"j",
"Found string at 0x24634 with id 88 cc 00 00; allocation_length 6; actual length 2"
ALLOC BIGGER THAN STRING LEN
"8CCC",
"更",
"Found string at 0x24724 with id 84 ce 00 00; allocation_length 5; actual length 2"
ALLOC BIGGER THAN STRING LEN
"88CE",
"l",
"Found string at 0x2472c with id 88 ce 00 00; allocation_length 6; actual length 2"
ALLOC BIGGER THAN STRING LEN
"8CCE",
"校",
"Found string at 0x247a4 with id 78 cf 00 00; allocation_length 4; actual length 2"
ALLOC BIGGER THAN STRING LEN
"88CF",
"m",
"Found string at 0x247ac with id 88 cf 00 00; allocation_length 4; actual length 2"
ALLOC BIGGER THAN STRING LEN
"90CF",
"延",
"Found string at 0x2481c with id 7c d1 00 00; allocation_length 4; actual length 2"
ALLOC BIGGER THAN STRING LEN
"90D1",
"抵",
"Found string at 0x24824 with id 90 d1 00 00; allocation_length 5; actual length 2"
ALLOC BIGGER THAN STRING LEN
"94D1",
"??",
"Found string at 0x24854 with id 50 d2 00 00; allocation_length 4; actual length 2"
ALLOC BIGGER THAN STRING LEN
"88D2",
"p",
"Found string at 0x2489c with id 78 d3 00 00; allocation_length 4; actual length 2"
ALLOC BIGGER THAN STRING LEN
"94D3",
"??",
"Found string at 0x248e4 with id 68 d4 00 00; allocation_length 4; actual length 2"
ALLOC BIGGER THAN STRING LEN
"88D4",
"r",
"Found string at 0x248ec with id 88 d4 00 00; allocation_length 4; actual length 2"
ALLOC BIGGER THAN STRING LEN
"90D4",
"締",
"Found string at 0x24964 with id 80 d6 00 00; allocation_length 4; actual length 2"
ALLOC BIGGER THAN STRING LEN
"94D6",
"圧",
"Found string at 0x249c4 with id 4c d7 00 00; allocation_length 4; actual length 2"
ALLOC BIGGER THAN STRING LEN
"8CD7",
"稿",
"Found string at 0x24a3c with id 24 d9 00 00; allocation_length 4; actual length 2"
ALLOC BIGGER THAN STRING LEN
"8CD9",
"絞",
"Found string at 0x24a44 with id 8c d9 00 00; allocation_length 5; actual length 2"
ALLOC BIGGER THAN STRING LEN
"90D9",
"邸",
"Found string at 0x24adc with id 7c db 00 00; allocation_length 4; actual length 2"
ALLOC BIGGER THAN STRING LEN
"90DB",
"摘",
"Found string at 0x24c7c with id 84 e3 00 00; allocation_length 6; actual length 2"
ALLOC BIGGER THAN STRING LEN
"90E3",
"撤",
"Found string at 0x24d14 with id 20 e5 00 00; allocation_length 6; actual length 2"
ALLOC BIGGER THAN STRING LEN
"90E5",
"鉄",
"Found string at 0x24dbc with id 54 e7 00 00; allocation_length 4; actual length 2"
ALLOC BIGGER THAN STRING LEN
"88E7",
"さ",
"Found string at 0x24e4c with id 80 e9 00 00; allocation_length 4; actual length 2"
ALLOC BIGGER THAN STRING LEN
"94E9",
"??",
"Found string at 0x24e64 with id 80 ea 00 00; allocation_length 5; actual length 2"
ALLOC BIGGER THAN STRING LEN
"88EA",
"せ",
"Found string at 0x24f0c with id 70 ed 00 00; allocation_length 4; actual length 2"
ALLOC BIGGER THAN STRING LEN
"8CED",
"剛",
"Found string at 0x24fb4 with id 40 f1 00 00; allocation_length 4; actual length 2"
ALLOC BIGGER THAN STRING LEN
"88F1",
"な",
"Found string at 0x24fbc with id 88 f1 00 00; allocation_length 5; actual length 2"
ALLOC BIGGER THAN STRING LEN
"90F1",
"吐",
"Found string at 0x24ff4 with id 84 f2 00 00; allocation_length 5; actual length 2"
ALLOC BIGGER THAN STRING LEN
"88F2",
"に",
"Found string at 0x2512c with id 78 f8 00 00; allocation_length 4; actual length 2"
ALLOC BIGGER THAN STRING LEN
"90F8",
"努",
"Found string at 0x251d4 with id 84 f9 00 00; allocation_length 5; actual length 2"
ALLOC BIGGER THAN STRING LEN
"88F9",
"へ",
"Found string at 0x251dc with id 88 f9 00 00; allocation_length 6; actual length 2"
ALLOC BIGGER THAN STRING LEN
"90F9",
"土",
"Found string at 0x251e4 with id 90 f9 00 00; allocation_length 5; actual length 2"
ALLOC BIGGER THAN STRING LEN
"94F9",
"??",
"Found string at 0x25274 with id 80 fb 00 00; allocation_length 6; actual length 2"
ALLOC BIGGER THAN STRING LEN
"90FB",
"度",
"Found string at 0x252cc with id 50 fc 00 00; allocation_length 6; actual length 2"
ALLOC BIGGER THAN STRING LEN
"94FC",
"辰",
"Found string at 0x27f28 with id 80 01 00 00; allocation_length 4; actual length 2"
ALLOC BIGGER THAN STRING LEN
"8C01",
"??",
"Found string at 0x280f0 with id 88 04 00 00; allocation_length 4; actual length 2"
ALLOC BIGGER THAN STRING LEN
"9404",
"??",
"Found string at 0x28238 with id 84 05 00 00; allocation_length 4; actual length 2"
ALLOC BIGGER THAN STRING LEN
"8C05",
"??",
"Found string at 0x28240 with id 8c 05 00 00; allocation_length 4; actual length 2"
ALLOC BIGGER THAN STRING LEN
"9405",
"??",
"Found string at 0x28380 with id 7c 06 00 00; allocation_length 4; actual length 2"
ALLOC BIGGER THAN STRING LEN
"8C06",
"??",
"Found string at 0x28388 with id 8c 06 00 00; allocation_length 5; actual length 2"
ALLOC BIGGER THAN STRING LEN
"9006",
"??",
"Found string at 0x28390 with id 90 06 00 00; allocation_length 6; actual length 2"
ALLOC BIGGER THAN STRING LEN
"9406",
"??",
"Found string at 0x283c8 with id 64 07 00 00; allocation_length 4; actual length 2"
ALLOC BIGGER THAN STRING LEN
"9407",
"??",
"Found string at 0x283e8 with id 6c 08 00 00; allocation_length 4; actual length 2"
ALLOC BIGGER THAN STRING LEN
"8C08",
"??",
"Found string at 0x284a8 with id f0 0a 00 00; allocation_length 4; actual length 2"
ALLOC BIGGER THAN STRING LEN
"900B",
"??",
"Found string at 0x28590 with id 80 0e 00 00; allocation_length 4; actual length 2"
ALLOC BIGGER THAN STRING LEN
"8C0E",
"??",
"Found string at 0x285e0 with id 7c 0f 00 00; allocation_length 6; actual length 2"
ALLOC BIGGER THAN STRING LEN
"900F",
"??",
"Found string at 0x2a7bc with id 80 00 00 00; allocation_length 4; actual length 2"
ALLOC BIGGER THAN STRING LEN
"9400",
"??",
"Found string at 0x2a814 with id 54 01 00 00; allocation_length 4; actual length 2"
ALLOC BIGGER THAN STRING LEN
"8C01",
"??",
"Found string at 0x2a81c with id 8c 01 00 00; allocation_length 5; actual length 2"
ALLOC BIGGER THAN STRING LEN
"9401",
"??",
"Found string at 0x2a95c with id 3c 03 00 00; allocation_length 6; actual length 2"
ALLOC BIGGER THAN STRING LEN
"9003",
"??",
"Found string at 0x2aa94 with id 74 05 00 00; allocation_length 6; actual length 2"
ALLOC BIGGER THAN STRING LEN
"9405",
"??",
"Found string at 0x2ab64 with id 58 07 00 00; allocation_length 4; actual length 2"
ALLOC BIGGER THAN STRING LEN
"9407",
"??",
"Found string at 0x2abcc with id 68 08 00 00; allocation_length 4; actual length 2"
ALLOC BIGGER THAN STRING LEN
"9008",
"??",
"Found string at 0x2abd4 with id 90 08 00 00; allocation_length 5; actual length 2"
ALLOC BIGGER THAN STRING LEN
"9408",
"??",
"Found string at 0x2ac6c with id 6c 09 00 00; allocation_length 6; actual length 2"
ALLOC BIGGER THAN STRING LEN
"8C09",
"??",
"Found string at 0x2ace4 with id 80 0a 00 00; allocation_length 4; actual length 2"
ALLOC BIGGER THAN STRING LEN
"940A",
"??",
"Found string at 0x2adcc with id 88 0c 00 00; allocation_length 4; actual length 2"
ALLOC BIGGER THAN STRING LEN
"900C",
"??",
"Found string at 0x2add4 with id 90 0c 00 00; allocation_length 5; actual length 2"
ALLOC BIGGER THAN STRING LEN
"940C",
"??",
"Found string at 0x2aea4 with id 7c 0d 00 00; allocation_length 4; actual length 2"
ALLOC BIGGER THAN STRING LEN
"940D",
"??",
"Found string at 0x2af84 with id 84 0e 00 00; allocation_length 4; actual length 2"
ALLOC BIGGER THAN STRING LEN
"900E",
"??",
"Found string at 0x2b02c with id 88 0f 00 00; allocation_length 4; actual length 2"
ALLOC BIGGER THAN STRING LEN
"940F",
"??",
"Found string at 0x2b0bc with id 88 10 00 00; allocation_length 6; actual length 2"
ALLOC BIGGER THAN STRING LEN
"8C10",
"??",
"Found string at 0x2b16c with id 88 12 00 00; allocation_length 4; actual length 2"
ALLOC BIGGER THAN STRING LEN
"9012",
"??",
"Found string at 0x2b1f4 with id 88 13 00 00; allocation_length 4; actual length 2"
ALLOC BIGGER THAN STRING LEN
"9013",
"??",
"Found string at 0x2b2ec with id 84 14 00 00; allocation_length 6; actual length 2"
ALLOC BIGGER THAN STRING LEN
"9014",
"??",
"Found string at 0x3125c with id 88 00 00 00; allocation_length 2; actual length 2"
"8C00",
"??",
"Found string at 0x31264 with id 8c 00 00 00; allocation_length 2; actual length 2"
"9000",
"??",
"Found string at 0x3126c with id 90 00 00 00; allocation_length 2; actual length 2"
"9400",
"??",
"Found string at 0x313a4 with id 70 04 00 00; allocation_length 4; actual length 2"
ALLOC BIGGER THAN STRING LEN
"9404",
"??",
"Found string at 0x313dc with id 6c 05 00 00; allocation_length 4; actual length 2"
ALLOC BIGGER THAN STRING LEN
"9005",
"??",
"Found string at 0x3150c with id 54 08 00 00; allocation_length 4; actual length 2"
ALLOC BIGGER THAN STRING LEN
"9408",
"??",
"Found string at 0x31634 with id 88 0a 00 00; allocation_length 5; actual length 2"
ALLOC BIGGER THAN STRING LEN
"900A",
"??",
"Found string at 0x31794 with id 84 0d 00 00; allocation_length 5; actual length 2"
ALLOC BIGGER THAN STRING LEN
"8C0D",
"??",
"Found string at 0x3179c with id 8c 0d 00 00; allocation_length 6; actual length 2"
ALLOC BIGGER THAN STRING LEN
"900D",
"??",
"Found string at 0x318c4 with id c4 10 00 00; allocation_length 4; actual length 2"
ALLOC BIGGER THAN STRING LEN
"9411",
"??",
"Found string at 0x31aa4 with id 84 19 00 00; allocation_length 4; actual length 2"
ALLOC BIGGER THAN STRING LEN
"8C19",
"??",
"Found string at 0x31aac with id 8c 19 00 00; allocation_length 5; actual length 2"
ALLOC BIGGER THAN STRING LEN
"9419",
"??",
"Found string at 0x31b6c with id 88 1a 00 00; allocation_length 4; actual length 2"
ALLOC BIGGER THAN STRING LEN
"901A",
"??",
"Found string at 0x31bd4 with id 78 1b 00 00; allocation_length 4; actual length 2"
ALLOC BIGGER THAN STRING LEN
"901B",
"??",
"Found string at 0x31d84 with id 88 1e 00 00; allocation_length 5; actual length 2"
ALLOC BIGGER THAN STRING LEN
"901E",
"??",
"Found string at 0x31e4c with id 88 1f 00 00; allocation_length 5; actual length 2"
ALLOC BIGGER THAN STRING LEN
"901F",
"??",
"Found string at 0x31e54 with id 90 1f 00 00; allocation_length 6; actual length 2"
ALLOC BIGGER THAN STRING LEN
"941F",
"??",
"Found string at 0x31f0c with id 3c 24 00 00; allocation_length 4; actual length 2"
ALLOC BIGGER THAN STRING LEN
"9424",
"??",
"Found string at 0x31fcc with id 88 27 00 00; allocation_length 5; actual length 2"
ALLOC BIGGER THAN STRING LEN
"9027",
"??",
"Found string at 0x31fd4 with id 90 27 00 00; allocation_length 6; actual length 2"
ALLOC BIGGER THAN STRING LEN
"9427",
"??",
"Found string at 0x3203c with id 88 29 00 00; allocation_length 6; actual length 2"
ALLOC BIGGER THAN STRING LEN
"8C29",
"??",
"Found string at 0x32044 with id 8c 29 00 00; allocation_length 5; actual length 2"
ALLOC BIGGER THAN STRING LEN
"9429",
"??",
"Found string at 0x320ac with id 80 2b 00 00; allocation_length 6; actual length 2"
ALLOC BIGGER THAN STRING LEN
"902B",
"??",
"Found string at 0x3217c with id 88 2c 00 00; allocation_length 6; actual length 2"
ALLOC BIGGER THAN STRING LEN
"8C2C",
"??",
"Found string at 0x321ec with id 84 2d 00 00; allocation_length 5; actual length 2"
ALLOC BIGGER THAN STRING LEN
"8C2D",
"??",
"Found string at 0x3228c with id 88 2f 00 00; allocation_length 5; actual length 2"
ALLOC BIGGER THAN STRING LEN
"902F",
"??",
"Found string at 0x32294 with id 90 2f 00 00; allocation_length 6; actual length 2"
ALLOC BIGGER THAN STRING LEN
"942F",
"??",
"Found string at 0x323e4 with id 88 34 00 00; allocation_length 4; actual length 2"
ALLOC BIGGER THAN STRING LEN
"9434",
"??",
"Found string at 0x324b4 with id 84 36 00 00; allocation_length 4; actual length 2"
ALLOC BIGGER THAN STRING LEN
"8C36",
"??",
"Found string at 0x32504 with id 88 37 00 00; allocation_length 4; actual length 2"
ALLOC BIGGER THAN STRING LEN
"9037",
"??",
"Found string at 0x32544 with id 68 38 00 00; allocation_length 4; actual length 2"
ALLOC BIGGER THAN STRING LEN
"9438",
"??",
"Found string at 0x32614 with id 4c 3b 00 00; allocation_length 6; actual length 2"
ALLOC BIGGER THAN STRING LEN
"903C",
"??",
"Found string at 0x32654 with id 84 3d 00 00; allocation_length 5; actual length 2"
ALLOC BIGGER THAN STRING LEN
"8C3D",
"??",
"Found string at 0x32684 with id 84 3e 00 00; allocation_length 4; actual length 2"
ALLOC BIGGER THAN STRING LEN
"8C3E",
"??",
"Found string at 0x326e4 with id 7c 3f 00 00; allocation_length 4; actual length 2"
ALLOC BIGGER THAN STRING LEN
"903F",
"??",
"Found string at 0x327c4 with id 84 41 00 00; allocation_length 5; actual length 2"
ALLOC BIGGER THAN STRING LEN
"8C41",
"??",
"Found string at 0x327cc with id 8c 41 00 00; allocation_length 6; actual length 2"
ALLOC BIGGER THAN STRING LEN
"9041",
"堕",
"Found string at 0x328fc with id 84 46 00 00; allocation_length 4; actual length 2"
ALLOC BIGGER THAN STRING LEN
"8C46",
"傾",
"Found string at 0x32904 with id 8c 46 00 00; allocation_length 4; actual length 2"
ALLOC BIGGER THAN STRING LEN
"9446",
"茜",
"Found string at 0x329d4 with id 5c 47 00 00; allocation_length 4; actual length 2"
ALLOC BIGGER THAN STRING LEN
"9447",
"旭",
"Found string at 0x32a5c with id 84 48 00 00; allocation_length 4; actual length 2"
ALLOC BIGGER THAN STRING LEN
"8C48",
"刑",
"Found string at 0x32b0c with id 88 49 00 00; allocation_length 5; actual length 2"
ALLOC BIGGER THAN STRING LEN
"8C49",
"??",
"Found string at 0x32b14 with id 8c 49 00 00; allocation_length 6; actual length 2"
ALLOC BIGGER THAN STRING LEN
"9049",
"??",
"Found string at 0x32cfc with id 88 4c 00 00; allocation_length 2; actual length 2"
"8C4C",
"形",
"Found string at 0x32d04 with id 8c 4c 00 00; allocation_length 2; actual length 2"
"904C",
"??",
"Found string at 0x32d0c with id 90 4c 00 00; allocation_length 2; actual length 2"
"944C",
"渥",
"Found string at 0x34818 with id 80 00 00 00; allocation_length 6; actual length 2"
ALLOC BIGGER THAN STRING LEN
"8C00",
"??",
"Found string at 0x34820 with id 8c 00 00 00; allocation_length 5; actual length 2"
ALLOC BIGGER THAN STRING LEN
"9000",
"??",
"Found string at 0x348c8 with id 88 01 00 00; allocation_length 5; actual length 2"
ALLOC BIGGER THAN STRING LEN
"8C01",
"??",
"Found string at 0x349d0 with id 5c 02 00 00; allocation_length 4; actual length 2"
ALLOC BIGGER THAN STRING LEN
"9002",
"??",
"Found string at 0x34b90 with id 7c 04 00 00; allocation_length 6; actual length 2"
ALLOC BIGGER THAN STRING LEN
"8C04",
"??",
"Found string at 0x34b98 with id 8c 04 00 00; allocation_length 5; actual length 2"
ALLOC BIGGER THAN STRING LEN
"9004",
"??",
"Found string at 0x34ba0 with id 90 04 00 00; allocation_length 6; actual length 2"
ALLOC BIGGER THAN STRING LEN
"9404",
"??",
"Found string at 0x34dd0 with id 78 09 00 00; allocation_length 4; actual length 2"
ALLOC BIGGER THAN STRING LEN
"8C09",
"??",
"Found string at 0x34dd8 with id 8c 09 00 00; allocation_length 4; actual length 2"
ALLOC BIGGER THAN STRING LEN
"9409",
"??",
"Found string at 0x34eb0 with id 88 0a 00 00; allocation_length 5; actual length 2"
ALLOC BIGGER THAN STRING LEN
"8C0A",
"??",
"Found string at 0x34eb8 with id 8c 0a 00 00; allocation_length 6; actual length 2"
ALLOC BIGGER THAN STRING LEN
"900A",
"??",
"Found string at 0x34fa8 with id 88 0b 00 00; allocation_length 4; actual length 2"
ALLOC BIGGER THAN STRING LEN
"900B",
"??",
"Found string at 0x34fb0 with id 90 0b 00 00; allocation_length 5; actual length 2"
ALLOC BIGGER THAN STRING LEN
"940B",
"??",
"Found string at 0x350a0 with id 84 0c 00 00; allocation_length 4; actual length 2"
ALLOC BIGGER THAN STRING LEN
"900C",
"??",
"Found string at 0x350a8 with id 90 0c 00 00; allocation_length 5; actual length 2"
ALLOC BIGGER THAN STRING LEN
"940C",
"??",
"Found string at 0x351a8 with id 84 0d 00 00; allocation_length 4; actual length 2"
ALLOC BIGGER THAN STRING LEN
"8C0D",
"??",
"Found string at 0x351b0 with id 8c 0d 00 00; allocation_length 5; actual length 2"
ALLOC BIGGER THAN STRING LEN
"900D",
"??",
"Found string at 0x351b8 with id 90 0d 00 00; allocation_length 6; actual length 2"
ALLOC BIGGER THAN STRING LEN
"940D",
"??",
"Found string at 0x35250 with id 5c 0e 00 00; allocation_length 6; actual length 2"
ALLOC BIGGER THAN STRING LEN
"900E",
"??",
"Found string at 0x352e0 with id 74 0f 00 00; allocation_length 6; actual length 2"
ALLOC BIGGER THAN STRING LEN
"8C0F",
"??",
"Found string at 0x352e8 with id 8c 0f 00 00; allocation_length 5; actual length 2"
ALLOC BIGGER THAN STRING LEN
"900F",
"??",
"Found string at 0x352f0 with id 90 0f 00 00; allocation_length 6; actual length 2"
ALLOC BIGGER THAN STRING LEN
"940F",
"??",
"Found string at 0x35380 with id 5c 10 00 00; allocation_length 4; actual length 2"
ALLOC BIGGER THAN STRING LEN
"9410",
"??",
"Found string at 0x3a120 with id 5c 01 00 00; allocation_length 4; actual length 2"
ALLOC BIGGER THAN STRING LEN
"8C01",
"??",
"Found string at 0x3a128 with id 8c 01 00 00; allocation_length 5; actual length 2"
ALLOC BIGGER THAN STRING LEN
"9001",
"??",
"Found string at 0x3a1b0 with id 7c 02 00 00; allocation_length 4; actual length 2"
ALLOC BIGGER THAN STRING LEN
"9002",
"??",
"Found string at 0x3a210 with id 60 03 00 00; allocation_length 4; actual length 2"
ALLOC BIGGER THAN STRING LEN
"9003",
"??",
"Found string at 0x3a218 with id 90 03 00 00; allocation_length 5; actual length 2"
ALLOC BIGGER THAN STRING LEN
"9403",
"??",
"Found string at 0x3a2c0 with id 88 04 00 00; allocation_length 4; actual length 2"
ALLOC BIGGER THAN STRING LEN
"9004",
"??",
"Found string at 0x3a4c0 with id 88 06 00 00; allocation_length 4; actual length 2"
ALLOC BIGGER THAN STRING LEN
"9006",
"??",
"Found string at 0x3a6d8 with id 7c 08 00 00; allocation_length 4; actual length 2"
ALLOC BIGGER THAN STRING LEN
"8C08",
"??",
"Found string at 0x3a6e0 with id 8c 08 00 00; allocation_length 4; actual length 2"
ALLOC BIGGER THAN STRING LEN
"9408",
"??",
"Found string at 0x3a800 with id 7c 09 00 00; allocation_length 4; actual length 2"
ALLOC BIGGER THAN STRING LEN
"9009",
"??",
"Found string at 0x3a8f0 with id 88 0a 00 00; allocation_length 6; actual length 2"
ALLOC BIGGER THAN STRING LEN
"8C0A",
"??",
"Found string at 0x3a8f8 with id 8c 0a 00 00; allocation_length 5; actual length 2"
ALLOC BIGGER THAN STRING LEN
"900A",
"??",
"Found string at 0x3aa20 with id 88 0b 00 00; allocation_length 5; actual length 2"
ALLOC BIGGER THAN STRING LEN
"8C0B",
"??",
"Found string at 0x3aa28 with id 8c 0b 00 00; allocation_length 6; actual length 2"
ALLOC BIGGER THAN STRING LEN
"900B",
"??",
"Found string at 0x3aa30 with id 90 0b 00 00; allocation_length 5; actual length 2"
ALLOC BIGGER THAN STRING LEN
"940B",
"??",
"Found string at 0x3aae8 with id 84 0c 00 00; allocation_length 4; actual length 2"
ALLOC BIGGER THAN STRING LEN
"940C",
"??",
"Found string at 0x3abc0 with id 84 0d 00 00; allocation_length 4; actual length 2"
ALLOC BIGGER THAN STRING LEN
"8C0D",
"??",
"Found string at 0x3ad68 with id 80 0f 00 00; allocation_length 6; actual length 2"
ALLOC BIGGER THAN STRING LEN
"900F",
"??",
"Found string at 0x3ad70 with id 90 0f 00 00; allocation_length 5; actual length 2"
ALLOC BIGGER THAN STRING LEN
"940F",
"??",
"Found string at 0x3ae98 with id 88 10 00 00; allocation_length 6; actual length 2"
ALLOC BIGGER THAN STRING LEN
"9010",
"??",
"Found string at 0x3afc8 with id 88 11 00 00; allocation_length 6; actual length 2"
ALLOC BIGGER THAN STRING LEN
"8C11",
"??",
"Found string at 0x3afd0 with id 8c 11 00 00; allocation_length 5; actual length 2"
ALLOC BIGGER THAN STRING LEN
"9011",
"??",
"Found string at 0x3b0c8 with id 88 12 00 00; allocation_length 5; actual length 2"
ALLOC BIGGER THAN STRING LEN
"8C12",
"??",
"Found string at 0x3b0d0 with id 8c 12 00 00; allocation_length 6; actual length 2"
ALLOC BIGGER THAN STRING LEN
"9012",
"??",
"Found string at 0x3b0d8 with id 90 12 00 00; allocation_length 5; actual length 2"
ALLOC BIGGER THAN STRING LEN
"9412",
"??",
"Found string at 0x3b1d0 with id 60 13 00 00; allocation_length 6; actual length 2"
ALLOC BIGGER THAN STRING LEN
"9013",
"??",
"Found string at 0x3b268 with id 70 14 00 00; allocation_length 4; actual length 2"
ALLOC BIGGER THAN STRING LEN
"8C14",
"??",
"Found string at 0x3b2e8 with id 58 15 00 00; allocation_length 4; actual length 2"
ALLOC BIGGER THAN STRING LEN
"8C15",
"??",
"Found string at 0x3b2f0 with id 8c 15 00 00; allocation_length 5; actual length 2"
ALLOC BIGGER THAN STRING LEN
"9015",
"??",
"Found string at 0x3b3c8 with id 84 16 00 00; allocation_length 4; actual length 2"
ALLOC BIGGER THAN STRING LEN
"8C16",
"??",
"Found string at 0x3b3d0 with id 8c 16 00 00; allocation_length 5; actual length 2"
ALLOC BIGGER THAN STRING LEN
"9016",
"??",
"Found string at 0x3b3d8 with id 90 16 00 00; allocation_length 6; actual length 2"
ALLOC BIGGER THAN STRING LEN
"9416",
"??",
"Found string at 0x3b510 with id 88 18 00 00; allocation_length 5; actual length 2"
ALLOC BIGGER THAN STRING LEN
"8C18",
"??",
"Found string at 0x3b7c0 with id 88 1b 00 00; allocation_length 6; actual length 2"
ALLOC BIGGER THAN STRING LEN
"8C1B",
"??",
"Found string at 0x3b7c8 with id 8c 1b 00 00; allocation_length 5; actual length 2"
ALLOC BIGGER THAN STRING LEN
"901B",
"??",
"Found string at 0x3b8b0 with id 88 1c 00 00; allocation_length 5; actual length 2"
ALLOC BIGGER THAN STRING LEN
"8C1C",
"??",
"Found string at 0x3b8b8 with id 8c 1c 00 00; allocation_length 6; actual length 2"
ALLOC BIGGER THAN STRING LEN
"901C",
"??",
"Found string at 0x3b9c8 with id 88 1d 00 00; allocation_length 6; actual length 2"
ALLOC BIGGER THAN STRING LEN
"8C1D",
"??",
"Found string at 0x3b9d0 with id 8c 1d 00 00; allocation_length 4; actual length 2"
ALLOC BIGGER THAN STRING LEN
"941D",
"??",
"Found string at 0x3bac0 with id 88 1e 00 00; allocation_length 5; actual length 2"
ALLOC BIGGER THAN STRING LEN
"8C1E",
"??",
"Found string at 0x3bba8 with id 88 1f 00 00; allocation_length 4; actual length 2"
ALLOC BIGGER THAN STRING LEN
"901F",
"??",
"Found string at 0x3bcd0 with id 80 20 00 00; allocation_length 6; actual length 2"
ALLOC BIGGER THAN STRING LEN
"9420",
"??",
"Found string at 0x3be30 with id 88 22 00 00; allocation_length 4; actual length 2"
ALLOC BIGGER THAN STRING LEN
"9022",
"??",
"Found string at 0x3c038 with id 88 24 00 00; allocation_length 6; actual length 2"
ALLOC BIGGER THAN STRING LEN
"9424",
"??",
"Found string at 0x3c150 with id 88 25 00 00; allocation_length 5; actual length 2"
ALLOC BIGGER THAN STRING LEN
"9025",
"??",
"Found string at 0x3c158 with id 90 25 00 00; allocation_length 6; actual length 2"
ALLOC BIGGER THAN STRING LEN
"9425",
"??",
"Found string at 0x3c390 with id 88 27 00 00; allocation_length 6; actual length 2"
ALLOC BIGGER THAN STRING LEN
"8C27",
"??",
"Found string at 0x3c398 with id 8c 27 00 00; allocation_length 5; actual length 2"
ALLOC BIGGER THAN STRING LEN
"9027",
"??",
"Found string at 0x3c3a0 with id 90 27 00 00; allocation_length 6; actual length 2"
ALLOC BIGGER THAN STRING LEN
"9427",
"??",
"Found string at 0x3c558 with id 88 29 00 00; allocation_length 4; actual length 2"
ALLOC BIGGER THAN STRING LEN
"9429",
"??",
"Found string at 0x3c608 with id 78 2a 00 00; allocation_length 6; actual length 2"
ALLOC BIGGER THAN STRING LEN
"942A",
"??",
"Found string at 0x3c678 with id 58 2b 00 00; allocation_length 6; actual length 2"
ALLOC BIGGER THAN STRING LEN
"8C2B",
"??",
"Found string at 0x3c680 with id 8c 2b 00 00; allocation_length 5; actual length 2"
ALLOC BIGGER THAN STRING LEN
"902B",
"??",
"Found string at 0x3c7c0 with id 88 2c 00 00; allocation_length 6; actual length 2"
ALLOC BIGGER THAN STRING LEN
"8C2C",
"??",
"Found string at 0x3c7c8 with id 8c 2c 00 00; allocation_length 5; actual length 2"
ALLOC BIGGER THAN STRING LEN
"902C",
"??",
"Found string at 0x3c8b0 with id 88 2d 00 00; allocation_length 6; actual length 2"
ALLOC BIGGER THAN STRING LEN
"8C2D",
"??",
"Found string at 0x3c8b8 with id 8c 2d 00 00; allocation_length 5; actual length 2"
ALLOC BIGGER THAN STRING LEN
"902D",
"??",
"Found string at 0x3c9c0 with id 88 2e 00 00; allocation_length 5; actual length 2"
ALLOC BIGGER THAN STRING LEN
"8C2E",
"??",
"Found string at 0x3c9c8 with id 8c 2e 00 00; allocation_length 6; actual length 2"
ALLOC BIGGER THAN STRING LEN
"902E",
"??",
"Found string at 0x3c9d0 with id 90 2e 00 00; allocation_length 5; actual length 2"
ALLOC BIGGER THAN STRING LEN
"942E",
"??",
"Found string at 0x3cac8 with id 88 2f 00 00; allocation_length 5; actual length 2"
ALLOC BIGGER THAN STRING LEN
"8C2F",
"??",
"Found string at 0x3cbe8 with id 7c 30 00 00; allocation_length 6; actual length 2"
ALLOC BIGGER THAN STRING LEN
"9030",
"??",
"Found string at 0x3cbf0 with id 90 30 00 00; allocation_length 5; actual length 2"
ALLOC BIGGER THAN STRING LEN
"9430",
"??",
"Found string at 0x3cce8 with id 88 31 00 00; allocation_length 6; actual length 2"
ALLOC BIGGER THAN STRING LEN
"8C31",
"??",
"Found string at 0x3ccf0 with id 8c 31 00 00; allocation_length 5; actual length 2"
ALLOC BIGGER THAN STRING LEN
"9031",
"??",
"Found string at 0x3cdd0 with id 7c 32 00 00; allocation_length 4; actual length 2"
ALLOC BIGGER THAN STRING LEN
"8C32",
"??",
"Found string at 0x3cdd8 with id 8c 32 00 00; allocation_length 4; actual length 2"
ALLOC BIGGER THAN STRING LEN
"9432",
"??",
"Found string at 0x3d068 with id 88 35 00 00; allocation_length 4; actual length 2"
ALLOC BIGGER THAN STRING LEN
"9035",
"??",
"Found string at 0x3d140 with id 80 36 00 00; allocation_length 6; actual length 2"
ALLOC BIGGER THAN STRING LEN
"9036",
"??",
"Found string at 0x3d148 with id 90 36 00 00; allocation_length 5; actual length 2"
ALLOC BIGGER THAN STRING LEN
"9436",
"??",
"Found string at 0x3d268 with id 88 37 00 00; allocation_length 5; actual length 2"
ALLOC BIGGER THAN STRING LEN
"8C37",
"??",
"Found string at 0x3d3b8 with id 88 38 00 00; allocation_length 6; actual length 2"
ALLOC BIGGER THAN STRING LEN
"8C38",
"??",
"Found string at 0x3d4d8 with id 80 39 00 00; allocation_length 6; actual length 2"
ALLOC BIGGER THAN STRING LEN
"9039",
"??",
"Found string at 0x3d4e0 with id 90 39 00 00; allocation_length 5; actual length 2"
ALLOC BIGGER THAN STRING LEN
"9439",
"??",
"Found string at 0x3d5d0 with id 80 3a 00 00; allocation_length 6; actual length 2"
ALLOC BIGGER THAN STRING LEN
"903A",
"??",
"Found string at 0x3d5d8 with id 90 3a 00 00; allocation_length 5; actual length 2"
ALLOC BIGGER THAN STRING LEN
"943A",
"??",
"Found string at 0x3d720 with id 80 3b 00 00; allocation_length 4; actual length 2"
ALLOC BIGGER THAN STRING LEN
"903B",
"??",
"Found string at 0x3d728 with id 90 3b 00 00; allocation_length 5; actual length 2"
ALLOC BIGGER THAN STRING LEN
"943B",
"??",
"Found string at 0x42df8 with id 01 00 00 00; allocation_length 2; actual length 2"
"904A",
"帯",
"Found string at 0x42f6c with id 88 00 00 00; allocation_length 6; actual length 2"
ALLOC BIGGER THAN STRING LEN
"8C00",
"??",
"Found string at 0x42fdc with id 78 01 00 00; allocation_length 4; actual length 2"
ALLOC BIGGER THAN STRING LEN
"9401",
"??",
"Found string at 0x43124 with id 88 04 00 00; allocation_length 4; actual length 2"
ALLOC BIGGER THAN STRING LEN
"9004",
"??",
"Found string at 0x4312c with id 90 04 00 00; allocation_length 5; actual length 2"
ALLOC BIGGER THAN STRING LEN
"9404",
"??",
"Found string at 0x4326c with id 88 06 00 00; allocation_length 5; actual length 2"
ALLOC BIGGER THAN STRING LEN
"8C06",
"??",
"Found string at 0x43394 with id 80 09 00 00; allocation_length 6; actual length 2"
ALLOC BIGGER THAN STRING LEN
"8C09",
"??",
"Found string at 0x4339c with id 8c 09 00 00; allocation_length 4; actual length 2"
ALLOC BIGGER THAN STRING LEN
"9409",
"??",
"Found string at 0x4346c with id bc 0b 00 00; allocation_length 6; actual length 2"
ALLOC BIGGER THAN STRING LEN
"900C",
"??",
"Found string at 0x43484 with id d8 0c 00 00; allocation_length 4; actual length 2"
ALLOC BIGGER THAN STRING LEN
"8C0D",
"??",
"Found string at 0x4348c with id 8c 0d 00 00; allocation_length 5; actual length 2"
ALLOC BIGGER THAN STRING LEN
"940D",
"??",
"Found string at 0x434f4 with id 80 0f 00 00; allocation_length 6; actual length 2"
ALLOC BIGGER THAN STRING LEN
"8C0F",
"??",
"Found string at 0x434fc with id 8c 0f 00 00; allocation_length 4; actual length 2"
ALLOC BIGGER THAN STRING LEN
"940F",
"??",
"Found string at 0x43594 with id 88 10 00 00; allocation_length 4; actual length 2"
ALLOC BIGGER THAN STRING LEN
"9010",
"??",
"Found string at 0x4359c with id 90 10 00 00; allocation_length 5; actual length 2"
ALLOC BIGGER THAN STRING LEN
"9410",
"??",
"Found string at 0x436b4 with id 64 12 00 00; allocation_length 6; actual length 2"
ALLOC BIGGER THAN STRING LEN
"9012",
"??",
"Found string at 0x436bc with id 90 12 00 00; allocation_length 5; actual length 2"
ALLOC BIGGER THAN STRING LEN
"9412",
"??",
"Found string at 0x438fc with id 74 17 00 00; allocation_length 6; actual length 2"
ALLOC BIGGER THAN STRING LEN
"8C17",
"??",
"Found string at 0x43904 with id 8c 17 00 00; allocation_length 5; actual length 2"
ALLOC BIGGER THAN STRING LEN
"9017",
"??",
"Found string at 0x43984 with id 80 18 00 00; allocation_length 6; actual length 2"
ALLOC BIGGER THAN STRING LEN
"8C18",
"??",
"Found string at 0x4398c with id 8c 18 00 00; allocation_length 5; actual length 2"
ALLOC BIGGER THAN STRING LEN
"9018",
"??",
"Found string at 0x43ad4 with id 14 1e 00 00; allocation_length 4; actual length 2"
ALLOC BIGGER THAN STRING LEN
"901E",
"??",
"Found string at 0x43cd4 with id d0 28 00 00; allocation_length 6; actual length 2"
ALLOC BIGGER THAN STRING LEN
"9429",
"??",
"Found string at 0x43d74 with id 88 2a 00 00; allocation_length 4; actual length 2"
ALLOC BIGGER THAN STRING LEN
"942A",
"??",
"Found string at 0x43ea4 with id 74 2c 00 00; allocation_length 6; actual length 2"
ALLOC BIGGER THAN STRING LEN
"8C2C",
"??",
"Found string at 0x43eac with id 8c 2c 00 00; allocation_length 5; actual length 2"
ALLOC BIGGER THAN STRING LEN
"902C",
"??",
"Found string at 0x43f14 with id 4c 2e 00 00; allocation_length 6; actual length 2"
ALLOC BIGGER THAN STRING LEN
"902E",
"??",
"Found string at 0x4405c with id 88 33 00 00; allocation_length 5; actual length 2"
ALLOC BIGGER THAN STRING LEN
"8C33",
"??",
"Found string at 0x4421c with id 78 37 00 00; allocation_length 6; actual length 2"
ALLOC BIGGER THAN STRING LEN
"8C37",
"??",
"Found string at 0x44224 with id 8c 37 00 00; allocation_length 5; actual length 2"
ALLOC BIGGER THAN STRING LEN
"9037",
"??",
"Found string at 0x4422c with id 90 37 00 00; allocation_length 6; actual length 2"
ALLOC BIGGER THAN STRING LEN
"9437",
"??",
"Found string at 0x44334 with id 80 39 00 00; allocation_length 4; actual length 2"
ALLOC BIGGER THAN STRING LEN
"9039",
"??",
"Found string at 0x444cc with id 7c 3b 00 00; allocation_length 6; actual length 2"
ALLOC BIGGER THAN STRING LEN
"8C3B",
"??",
"Found string at 0x444d4 with id 8c 3b 00 00; allocation_length 5; actual length 2"
ALLOC BIGGER THAN STRING LEN
"903B",
"??",
"Found string at 0x446d4 with id 88 3d 00 00; allocation_length 4; actual length 2"
ALLOC BIGGER THAN STRING LEN
"903D",
"??",
"Found string at 0x446dc with id 90 3d 00 00; allocation_length 5; actual length 2"
ALLOC BIGGER THAN STRING LEN
"943D",
"??",
"Found string at 0x447ac with id 80 3e 00 00; allocation_length 6; actual length 2"
ALLOC BIGGER THAN STRING LEN
"943E",
"??",
"Found string at 0x4486c with id 84 3f 00 00; allocation_length 6; actual length 2"
ALLOC BIGGER THAN STRING LEN
"8C3F",
"??",
"Found string at 0x44874 with id 8c 3f 00 00; allocation_length 4; actual length 2"
ALLOC BIGGER THAN STRING LEN
"943F",
"??",
"Found string at 0x448ec with id 88 40 00 00; allocation_length 5; actual length 2"
ALLOC BIGGER THAN STRING LEN
"8C40",
"訓",
"Found string at 0x448f4 with id 8c 40 00 00; allocation_length 6; actual length 2"
ALLOC BIGGER THAN STRING LEN
"9040",
"多",
"Found string at 0x448fc with id 90 40 00 00; allocation_length 5; actual length 2"
ALLOC BIGGER THAN STRING LEN
"9440",
"腕",
"Found string at 0x449ac with id 5c 41 00 00; allocation_length 4; actual length 2"
ALLOC BIGGER THAN STRING LEN
"8C41",
"??",
"Found string at 0x449b4 with id 8c 41 00 00; allocation_length 4; actual length 2"
ALLOC BIGGER THAN STRING LEN
"9441",
"湾",
"Found string at 0x44aa4 with id 88 43 00 00; allocation_length 5; actual length 2"
ALLOC BIGGER THAN STRING LEN
"8C43",
"郡",
"Found string at 0x44aac with id 8c 43 00 00; allocation_length 6; actual length 2"
ALLOC BIGGER THAN STRING LEN
"9043",
"??",
"Found string at 0x44b4c with id 7c 45 00 00; allocation_length 4; actual length 2"
ALLOC BIGGER THAN STRING LEN
"9045",
"駄",
"Found string at 0x44c14 with id 88 46 00 00; allocation_length 5; actual length 2"
ALLOC BIGGER THAN STRING LEN
"8C46",
"傾",
"Found string at 0x44ccc with id 78 47 00 00; allocation_length 6; actual length 2"
ALLOC BIGGER THAN STRING LEN
"9447",
"旭",
"Found string at 0x44d74 with id 88 48 00 00; allocation_length 4; actual length 2"
ALLOC BIGGER THAN STRING LEN
"9048",
"対",
"Found string at 0x44dec with id 88 4f 00 00; allocation_length 2; actual length 2"
"8C4F",
"??",
"Found string at 0x44df4 with id 8c 4f 00 00; allocation_length 2; actual length 2"
"904F",
"胎",
