"Found string at 0x170755 with id 07 00 00 00; allocation_length 2; actual length 2"
"9000",
"??",
"Found string at 0x231228 with id ee 3b bf 17; allocation_length 4; actual length 4"
"88C9","8940",
"g","む",
"Found string at 0x231235 with id 4f 3c bf 17; allocation_length 4; actual length 4"
"88C9","88CD",
"g","k",
"Found string at 0x231242 with id b0 3c bf 17; allocation_length 58; actual length 58"
"88E1","88B7","88E2","88E3","88C4","88CB","88CC","88CD","88EE","88C9","88CD","8941","88C9","8940","88AD","88F9","88FA","5B","88DD","88C0","88B2","88F7","5D","88B0","88BA","88F7","88FB","88D1","88BB","88FC",
"お","O","か","き","b","i","j","k","つ","g","k","め","g","む","E","へ","ほ","<","あ","X","J","ひ",">","H","R","ひ","ま","o","S","み",
"Found string at 0x2312d5 with id 27 7e 05 1d; allocation_length 14; actual length 14"
"88C3","88C4","88C5","88C6","88C7","88C8","88C4",
"a","b","c","d","e","f","b",
"Found string at 0x2312ec with id 88 7e 05 1d; allocation_length 14; actual length 14"
"88C9","88CA","88CB","88CC","88CD","88CE","88CF",
"g","h","i","j","k","l","m",
"Found string at 0x231303 with id e9 7e 05 1d; allocation_length 10; actual length 10"
"88D0","88C2","88D1","88D2","88D3",
"n","Z","o","p","q",
"Found string at 0x23138f with id a2 0c 82 27; allocation_length 24; actual length 24"
"88C9","88CA","88CB","88CC","88CD","88CE","88CF","5B","88DD","88B9","88BA","88BB","5D",
"g","h","i","j","k","l","m","<","あ","Q","R","S",">",
"Found string at 0x231402 with id c8 7a 7b 30; allocation_length 10; actual length 10"
"88D0","88C2","88D1","88D2","88D3",
"n","Z","o","p","q",
"Found string at 0x231422 with id 2e 25 e2 33; allocation_length 6; actual length 6"
"88BC","88BD","88BE",
"T","U","V",
"Found string at 0x231431 with id 8f 25 e2 33; allocation_length 10; actual length 10"
"88C9","88CA","88CB","88CC","88CD",
"g","h","i","j","k",
"Found string at 0x231444 with id f0 25 e2 33; allocation_length 8; actual length 8"
"88B4","88B5","88B6","88B7",
"L","M","N","O",
"Found string at 0x231455 with id 51 26 e2 33; allocation_length 8; actual length 8"
"88B4","88A0","88B7","88A2",
"L","2","O","4",
"Found string at 0x231497 with id 2d 23 78 3a; allocation_length 8; actual length 8"
"88BF","88C0","88C1","88C2",
"W","X","Y","Z",
"Found string at 0x23154b with id 86 e2 80 48; allocation_length 6; actual length 6"
"88BC","88BD","88BE",
"T","U","V",
"Found string at 0x23155a with id e7 e2 80 48; allocation_length 10; actual length 10"
"88C9","88CA","88CB","88CC","88CD",
"g","h","i","j","k",
"Found string at 0x23156d with id 48 e3 80 48; allocation_length 8; actual length 8"
"88B4","88B5","88B6","88B7",
"L","M","N","O",
"Found string at 0x23157e with id a9 e3 80 48; allocation_length 8; actual length 8"
"88B4","88A0","88B7","88A2",
"L","2","O","4",
"Found string at 0x2315cd with id 79 4c d0 52; allocation_length 8; actual length 8"
"88DE","88DF","88CD","88E0",
"い","う","k","え",
"Found string at 0x2315de with id da 4c d0 52; allocation_length 16; actual length 16"
"88E1","88B7","88E2","88E3","88C4","88CB","88CC","88CD",
"お","O","か","き","b","i","j","k",
"Found string at 0x2315f7 with id 3b 4d d0 52; allocation_length 6; actual length 6"
"88E4","88E5","88A6",
"く","け","8",
"Found string at 0x231606 with id 9c 4d d0 52; allocation_length 4; actual length 4"
"88E6","88E7",
"こ","さ",
"Found string at 0x23165f with id bd 02 87 58; allocation_length 16; actual length 16"
"88A4","88A5","88A6","88A7","88A8","88A9","88AA","88A7",
"6","7","8","9","0","A","B","9",
"Found string at 0x231684 with id ea d3 21 5d; allocation_length 8; actual length 8"
"88B8","88B9","88BA","88BB",
"P","Q","R","S",
"Found string at 0x2316dd with id 79 cf e1 62; allocation_length 4; actual length 4"
"88DB","88BB",
"y","S",
"Found string at 0x231829 with id d6 23 98 7d; allocation_length 6; actual length 6"
"88BC","88BD","88BE",
"T","U","V",
"Found string at 0x2318b4 with id 49 7b cf 86; allocation_length 8; actual length 8"
"88E8","88E9","88B6","88EA",
"し","す","N","せ",
"Found string at 0x2318c5 with id aa 7b cf 86; allocation_length 8; actual length 8"
"889F","88EB","88E3","88C9",
"1","そ","き","g",
"Found string at 0x2318d6 with id 0b 7c cf 86; allocation_length 22; actual length 22"
"88E0","88EA","88EC","88C4","88CA","88AC","88AC","88A1","88ED","88AB","88AA",
"え","せ","た","b","h","D","D","3","ち","C","B",
"Found string at 0x2318f5 with id 6c 7c cf 86; allocation_length 70; actual length 70"
"88DE","88DF","88CD","88E0","88EE","88EF","88F0","88F1","88F2","5B","88B0","88F3","88F4","88F5","88F6","88F7","88B8","88BB","88B0","88F8","5D","88AD","88F9","88FA","5B","88DD","88C0","88B2","88F7","5D","88B0","88BA","88F7","88FB","88D1","88BB","88FC",
"い","う","k","え","つ","て","と","な","に","<","H","ぬ","ね","の","は","ひ","P","S","H","ふ",">","E","へ","ほ","<","あ","X","J","ひ",">","H","R","ひ","ま","o","S","み",
"Found string at 0x231975 with id 60 82 ac 8d; allocation_length 6; actual length 6"
"88BC","88BD","88BE",
"T","U","V",
"Found string at 0x2319e4 with id c5 85 7a 94; allocation_length 14; actual length 14"
"88D4","88C4","88A3","88D5","88BC","88BD","88BE",
"r","b","5","s","T","U","V",
"Found string at 0x231a12 with id ae da c7 95; allocation_length 8; actual length 8"
"88B4","88B5","88B6","88B7",
"L","M","N","O",
"Found string at 0x231a23 with id 0f db c7 95; allocation_length 8; actual length 8"
"88B4","88A0","88B7","88A2",
"L","2","O","4",
"Found string at 0x231a34 with id 10 39 d8 95; allocation_length 8; actual length 8"
"88B4","88A0","88B7","88A2",
"L","2","O","4",
"Found string at 0x231acd with id 3f 1f ea 9f; allocation_length 6; actual length 6"
"88BC","88BD","88BE",
"T","U","V",
"Found string at 0x231adc with id a0 1f ea 9f; allocation_length 10; actual length 10"
"88C9","88CA","88CB","88CC","88CD",
"g","h","i","j","k",
"Found string at 0x231aef with id 01 20 ea 9f; allocation_length 8; actual length 8"
"88B4","88A0","88B7","88A2",
"L","2","O","4",
"Found string at 0x231b00 with id 45 f1 ea 9f; allocation_length 6; actual length 6"
"88BB","88BB","88DC",
"S","S","z",
"Found string at 0x231b68 with id ac 96 c1 aa; allocation_length 24; actual length 24"
"88D6","88D7","88D5","88B4","88B5","88B6","88B7","88B0","88B1","88D8","88D9","88DA",
"t","u","s","L","M","N","O","H","I","v","w","x",
"Found string at 0x231b89 with id 0d 97 c1 aa; allocation_length 24; actual length 24"
"88D6","88D7","88D5","88B4","88A0","88B7","88A2","88B0","88B1","88D8","88D9","88DA",
"t","u","s","L","2","O","4","H","I","v","w","x",
"Found string at 0x231e18 with id 7b b7 ad d7; allocation_length 8; actual length 8"
"88B4","88B5","88B6","88B7",
"L","M","N","O",
"Found string at 0x231e29 with id 78 90 a4 da; allocation_length 10; actual length 10"
"889F","88A0","88A1","88A2","88A3",
"1","2","3","4","5",
"Found string at 0x231eb4 with id 9e 42 f7 e1; allocation_length 10; actual length 10"
"88C9","88CA","88CB","88CC","88CD",
"g","h","i","j","k",
"Found string at 0x231f06 with id f8 68 9e ea; allocation_length 6; actual length 6"
"88A6","8942","8943",
"8","も","や",
"Found string at 0x231f15 with id 59 69 9e ea; allocation_length 6; actual length 6"
"88A6","88A5","8944",
"8","7","ゆ",
"Found string at 0x231f24 with id ba 69 9e ea; allocation_length 56; actual length 56"
"8945","8946","5B","8947","88C0","88F5","88F6","88C2","5D","88EE","88E1","88B6","88CD","889F","88AD","88F9","88FA","5B","88DD","88C0","88B2","88F7","5D","88B0","88BA","88F7","88FB","88D1","88BB","88FC",
"よ","ら","<","り","X","の","は","Z",">","つ","お","N","k","1","E","へ","ほ","<","あ","X","J","ひ",">","H","R","ひ","ま","o","S","み",
"Found string at 0x231f7e with id c2 f2 4a ee; allocation_length 20; actual length 20"
"88AB","88AC","88AD","88AE","88AF","88B0","88B1","88B0","88B2","88B3",
"C","D","E","F","G","H","I","H","J","K",
