"Found string at 0x10ea with id 00 20 03 c8; allocation_length 8; actual length 4"
ALLOC BIGGER THAN STRING LEN
"927B","9100",
"物","??",
"Found string at 0x676ce with id ee 3b bf 17; allocation_length 4; actual length 4"
"88CD","8946",
"k","ら",
"Found string at 0x676db with id 4f 3c bf 17; allocation_length 4; actual length 4"
"88CD","88A0",
"k","2",
"Found string at 0x676e8 with id b0 3c bf 17; allocation_length 58; actual length 58"
"88E5","88BB","88E6","88E7","88A4","88CF","88D0","88A0","88F4","88CD","88A0","8947","88CD","8946","88B2","8942","8943","5B","88E1","88C5","88B7","8940","5D","88B5","88BF","8940","8944","88D4","88C0","8945",
"け","S","こ","さ","6","m","n","2","ね","k","2","り","k","ら","J","も","や","<","お","c","O","む",">","M","W","む","ゆ","r","X","よ",
"Found string at 0x67743 with id 27 7e 05 1d; allocation_length 14; actual length 14"
"88C8","88A4","88C9","88CA","88CB","88CC","88A4",
"f","6","g","h","i","j","6",
"Found string at 0x6775a with id 88 7e 05 1d; allocation_length 14; actual length 14"
"88CD","88CE","88CF","88D0","88A0","88D1","88D2",
"k","l","m","n","2","o","p",
"Found string at 0x67771 with id e9 7e 05 1d; allocation_length 10; actual length 10"
"88D3","88C7","88D4","88D5","88D6",
"q","e","r","s","t",
"Found string at 0x67790 with id a2 0c 82 27; allocation_length 24; actual length 24"
"88CD","88CE","88CF","88D0","88A0","88D1","88D2","5B","88E1","88BE","88BF","88C0","5D",
"k","l","m","n","2","o","p","<","お","V","W","X",">",
"Found string at 0x677df with id c8 7a 7b 30; allocation_length 10; actual length 10"
"88D3","88C7","88D4","88D5","88D6",
"q","e","r","s","t",
"Found string at 0x677f2 with id 2e 25 e2 33; allocation_length 6; actual length 6"
"88C1","88C2","88C3",
"Y","Z","a",
"Found string at 0x67801 with id 8f 25 e2 33; allocation_length 10; actual length 10"
"88CD","88CE","88CF","88D0","88A0",
"k","l","m","n","2",
"Found string at 0x67814 with id f0 25 e2 33; allocation_length 8; actual length 8"
"88AF","88B9","88BA","88BB",
"G","Q","R","S",
"Found string at 0x67825 with id 51 26 e2 33; allocation_length 8; actual length 8"
"88AF","88A3","88BB","88BC",
"G","5","S","T",
"Found string at 0x67836 with id 2d 23 78 3a; allocation_length 8; actual length 8"
"88C4","88C5","88C6","88C7",
"b","c","d","e",
"Found string at 0x67861 with id 86 e2 80 48; allocation_length 6; actual length 6"
"88C1","88C2","88C3",
"Y","Z","a",
"Found string at 0x67870 with id e7 e2 80 48; allocation_length 10; actual length 10"
"88CD","88CE","88CF","88D0","88A0",
"k","l","m","n","2",
"Found string at 0x67883 with id 48 e3 80 48; allocation_length 8; actual length 8"
"88AF","88B9","88BA","88BB",
"G","Q","R","S",
"Found string at 0x67894 with id a9 e3 80 48; allocation_length 8; actual length 8"
"88AF","88A3","88BB","88BC",
"G","5","S","T",
"Found string at 0x678a5 with id 79 4c d0 52; allocation_length 8; actual length 8"
"88E2","88E3","88A0","88E4",
"か","き","2","く",
"Found string at 0x678b6 with id da 4c d0 52; allocation_length 16; actual length 16"
"88E5","88BB","88E6","88E7","88A4","88CF","88D0","88A0",
"け","S","こ","さ","6","m","n","2",
"Found string at 0x678cf with id 3b 4d d0 52; allocation_length 6; actual length 6"
"88E8","88E9","88A9",
"し","す","A",
"Found string at 0x678de with id 9c 4d d0 52; allocation_length 4; actual length 4"
"88EA","88EB",
"せ","そ",
"Found string at 0x678f9 with id bd 02 87 58; allocation_length 16; actual length 16"
"88A7","88A8","88A9","88AA","88AB","88AC","88AD","88AE",
"9","0","A","B","C","D","E","F",
"Found string at 0x67912 with id ea d3 21 5d; allocation_length 8; actual length 8"
"88BD","88BE","88BF","88C0",
"U","V","W","X",
"Found string at 0x6793b with id 79 cf e1 62; allocation_length 4; actual length 4"
"88DF","88C0",
"う","X",
"Found string at 0x679a2 with id d6 23 98 7d; allocation_length 6; actual length 6"
"88C1","88C2","88C3",
"Y","Z","a",
"Found string at 0x679d5 with id 49 7b cf 86; allocation_length 8; actual length 8"
"88EC","88ED","88BA","88A6",
"た","ち","R","8",
"Found string at 0x679e6 with id aa 7b cf 86; allocation_length 8; actual length 8"
"88EE","88A1","88E7","88CD",
"つ","3","さ","k",
"Found string at 0x679f7 with id 0b 7c cf 86; allocation_length 22; actual length 22"
"88E4","88A6","88EF","88A4","88CE","88F0","88F0","88F1","88B0","88F2","88F3",
"く","8","て","6","l","と","と","な","H","に","ぬ",
"Found string at 0x67a16 with id 6c 7c cf 86; allocation_length 70; actual length 70"
"88E2","88E3","88A0","88E4","88F4","88F5","88F6","88F7","88F8","5B","88B5","88F9","88FA","88FB","88FC","8940","88BD","88C0","88B5","8941","5D","88B2","8942","8943","5B","88E1","88C5","88B7","8940","5D","88B5","88BF","8940","8944","88D4","88C0","8945",
"か","き","2","く","ね","の","は","ひ","ふ","<","M","へ","ほ","ま","み","む","U","X","M","め",">","J","も","や","<","お","c","O","む",">","M","W","む","ゆ","r","X","よ",
"Found string at 0x67a72 with id 60 82 ac 8d; allocation_length 6; actual length 6"
"88C1","88C2","88C3",
"Y","Z","a",
"Found string at 0x67a95 with id c5 85 7a 94; allocation_length 14; actual length 14"
"88D7","88A4","88D8","88D9","88C1","88C2","88C3",
"u","6","v","w","Y","Z","a",
"Found string at 0x67aac with id ae da c7 95; allocation_length 8; actual length 8"
"88AF","88B9","88BA","88BB",
"G","Q","R","S",
"Found string at 0x67abd with id 0f db c7 95; allocation_length 8; actual length 8"
"88AF","88A3","88BB","88BC",
"G","5","S","T",
"Found string at 0x67ace with id 10 39 d8 95; allocation_length 8; actual length 8"
"88AF","88A3","88BB","88BC",
"G","5","S","T",
"Found string at 0x67af8 with id 3f 1f ea 9f; allocation_length 6; actual length 6"
"88C1","88C2","88C3",
"Y","Z","a",
"Found string at 0x67b07 with id a0 1f ea 9f; allocation_length 10; actual length 10"
"88CD","88CE","88CF","88D0","88A0",
"k","l","m","n","2",
"Found string at 0x67b1a with id 01 20 ea 9f; allocation_length 8; actual length 8"
"88AF","88A3","88BB","88BC",
"G","5","S","T",
"Found string at 0x67b2b with id 45 f1 ea 9f; allocation_length 6; actual length 6"
"88C0","88C0","88E0",
"X","X","え",
"Found string at 0x67b3a with id ac 96 c1 aa; allocation_length 24; actual length 24"
"88DA","88DB","88D9","88AF","88B9","88BA","88BB","88B5","88B6","88DC","88DD","88DE",
"x","y","w","G","Q","R","S","M","N","z","あ","い",
"Found string at 0x67b5b with id 0d 97 c1 aa; allocation_length 24; actual length 24"
"88DA","88DB","88D9","88AF","88A3","88BB","88BC","88B5","88B6","88DC","88DD","88DE",
"x","y","w","G","5","S","T","M","N","z","あ","い",
"Found string at 0x67c1a with id 7b b7 ad d7; allocation_length 8; actual length 8"
"88AF","88B9","88BA","88BB",
"G","Q","R","S",
"Found string at 0x67c2b with id 78 90 a4 da; allocation_length 18; actual length 18"
"889F","88A0","88A1","88A2","88A3","88A4","88A5","88A2","88A6",
"1","2","3","4","5","6","7","4","8",
"Found string at 0x67c53 with id 9e 42 f7 e1; allocation_length 10; actual length 10"
"88CD","88CE","88CF","88D0","88A0",
"k","l","m","n","2",
"Found string at 0x67c66 with id f8 68 9e ea; allocation_length 6; actual length 6"
"88A9","8948","8949",
"A","る","れ",
"Found string at 0x67c75 with id 59 69 9e ea; allocation_length 6; actual length 6"
"88A9","894A","894B",
"A","ろ","わ",
"Found string at 0x67c84 with id ba 69 9e ea; allocation_length 56; actual length 56"
"894C","894D","5B","894E","88C5","88FB","88FC","88C7","5D","88F4","88E5","88BA","88A0","88EE","88B2","8942","8943","5B","88E1","88C5","88B7","8940","5D","88B5","88BF","8940","8944","88D4","88C0","8945",
"を","ん","<","ー","c","ま","み","e",">","ね","け","R","2","つ","J","も","や","<","お","c","O","む",">","M","W","む","ゆ","r","X","よ",
"Found string at 0x67cc5 with id c2 f2 4a ee; allocation_length 24; actual length 24"
"88AF","88B0","88B1","88A4","88B2","88B3","88B4","88B5","88B6","88B5","88B7","88B8",
"G","H","I","6","J","K","L","M","N","M","O","P",
"Found string at 0x69f5e with id 08 00 00 00; allocation_length 8; actual length 8"
"949A","94AD","955C","8EA6",
"圭","駒","西","沼",
"Found string at 0x69f77 with id 00 00 00 00; allocation_length 8; actual length 8"
"949A","94AD","955C","8EA6",
"圭","駒","西","沼",
"Found string at 0x69f89 with id 06 00 00 00; allocation_length 4; actual length 4"
"8FC1","8B8E",
"僧","技",
"Found string at 0x69f9e with id 00 00 00 00; allocation_length 4; actual length 4"
"8FC1","8B8E",
"僧","技",
