"Found string at 0x3d86d with id e5 ee 12 00; allocation_length 8; actual length 8"
"8D55","8C82","8B96","89C2",
"再","??","吉","ロ",
"Found string at 0x21c8af with id c5 33 0a 00; allocation_length 8; actual length 3"
ALLOC BIGGER THAN STRING LEN
"9533","0A",
"??","\n",
"Found string at 0x21cba9 with id 38 39 33 00; allocation_length 4; actual length 3"
ALLOC BIGGER THAN STRING LEN
"9540","0A",
"??","\n",
"Found string at 0x21cf5b with id c5 61 0a 00; allocation_length 6; actual length 3"
ALLOC BIGGER THAN STRING LEN
"9561","0A",
"凪","\n",
"Found string at 0x21d706 with id 32 30 32 00; allocation_length 4; actual length 3"
ALLOC BIGGER THAN STRING LEN
"95CA","0A",
"??","\n",
"Found string at 0x21d792 with id c5 cc 0a 00; allocation_length 6; actual length 3"
ALLOC BIGGER THAN STRING LEN
"95CC","0A",
"罠","\n",
