"Found string at 0x93f07 with id ee 3b bf 17; allocation_length 4; actual length 4"
"88C7","8941",
"e","め",
"Found string at 0x93f14 with id 4f 3c bf 17; allocation_length 4; actual length 4"
"88C7","88CB",
"e","i",
"Found string at 0x93f21 with id b0 3c bf 17; allocation_length 58; actual length 58"
"88E0","88B4","88E1","88E2","88C3","88C9","88CA","88CB","88EF","88C7","88CB","8942","88C7","8941","88AB","88FA","88FB","5B","88DC","88BF","88B0","88F8","5D","88AE","88B9","88F8","88FC","88CF","88BA","8940",
"え","L","お","か","a","g","h","i","て","e","i","も","e","め","C","ほ","ま","<","z","W","H","ふ",">","F","Q","ふ","み","m","R","む",
"Found string at 0x93f7c with id 27 7e 05 1d; allocation_length 14; actual length 14"
"88C2","88C3","88C4","889F","88C5","88C6","88C3",
"Z","a","b","1","c","d","a",
"Found string at 0x93f93 with id 88 7e 05 1d; allocation_length 14; actual length 14"
"88C7","88C8","88C9","88CA","88CB","88CC","88CD",
"e","f","g","h","i","j","k",
"Found string at 0x93faa with id e9 7e 05 1d; allocation_length 10; actual length 10"
"88CE","88C1","88CF","88D0","88D1",
"l","Y","m","n","o",
"Found string at 0x93fbd with id a2 0c 82 27; allocation_length 24; actual length 24"
"88C7","88C8","88C9","88CA","88CB","88CC","88CD","5B","88DC","88B8","88B9","88BA","5D",
"e","f","g","h","i","j","k","<","z","P","Q","R",">",
"Found string at 0x9400c with id c8 7a 7b 30; allocation_length 10; actual length 10"
"88CE","88C1","88CF","88D0","88D1",
"l","Y","m","n","o",
"Found string at 0x9401f with id 2e 25 e2 33; allocation_length 6; actual length 6"
"88BB","88BC","88BD",
"S","T","U",
"Found string at 0x9402e with id 8f 25 e2 33; allocation_length 10; actual length 10"
"88C7","88C8","88C9","88CA","88CB",
"e","f","g","h","i",
"Found string at 0x94041 with id f0 25 e2 33; allocation_length 8; actual length 8"
"88B2","88A0","88B3","88B4",
"J","2","K","L",
"Found string at 0x94052 with id 51 26 e2 33; allocation_length 8; actual length 8"
"88B2","88B5","88B4","88B6",
"J","M","L","N",
"Found string at 0x94063 with id 2d 23 78 3a; allocation_length 8; actual length 8"
"88BE","88BF","88C0","88C1",
"V","W","X","Y",
"Found string at 0x9408e with id 86 e2 80 48; allocation_length 6; actual length 6"
"88BB","88BC","88BD",
"S","T","U",
"Found string at 0x9409d with id e7 e2 80 48; allocation_length 10; actual length 10"
"88C7","88C8","88C9","88CA","88CB",
"e","f","g","h","i",
"Found string at 0x940b0 with id 48 e3 80 48; allocation_length 8; actual length 8"
"88B2","88A0","88B3","88B4",
"J","2","K","L",
"Found string at 0x940c1 with id a9 e3 80 48; allocation_length 8; actual length 8"
"88B2","88B5","88B4","88B6",
"J","M","L","N",
"Found string at 0x940d2 with id 79 4c d0 52; allocation_length 8; actual length 8"
"88DD","88DE","88CB","88DF",
"あ","い","i","う",
"Found string at 0x940e3 with id da 4c d0 52; allocation_length 16; actual length 16"
"88E0","88B4","88E1","88E2","88C3","88C9","88CA","88CB",
"え","L","お","か","a","g","h","i",
"Found string at 0x940fc with id 3b 4d d0 52; allocation_length 6; actual length 6"
"88E3","88E4","88A4",
"き","く","6",
"Found string at 0x9410b with id 9c 4d d0 52; allocation_length 4; actual length 4"
"88E5","88E6",
"け","こ",
"Found string at 0x94126 with id bd 02 87 58; allocation_length 16; actual length 16"
"88A2","88A3","88A4","88A5","88A6","88A7","88A8","88A9",
"4","5","6","7","8","9","0","A",
"Found string at 0x9413f with id ea d3 21 5d; allocation_length 8; actual length 8"
"88B7","88B8","88B9","88BA",
"O","P","Q","R",
"Found string at 0x94167 with id 79 cf e1 62; allocation_length 4; actual length 4"
"88DA","88BA",
"x","R",
"Found string at 0x941ce with id d6 23 98 7d; allocation_length 6; actual length 6"
"88BB","88BC","88BD",
"S","T","U",
"Found string at 0x94201 with id 49 7b cf 86; allocation_length 8; actual length 8"
"88E7","88E8","88B3","88E9",
"さ","し","K","す",
"Found string at 0x94212 with id aa 7b cf 86; allocation_length 8; actual length 8"
"88EA","88EB","88E2","88C7",
"せ","そ","か","e",
"Found string at 0x94223 with id 0b 7c cf 86; allocation_length 22; actual length 22"
"88DF","88E9","88EC","88C3","88C8","88A1","88A1","88ED","88EE","88AA","88A9",
"う","す","た","a","f","3","3","ち","つ","B","A",
"Found string at 0x94242 with id 6c 7c cf 86; allocation_length 70; actual length 70"
"88DD","88DE","88CB","88DF","88EF","88F0","88F1","88F2","88F3","5B","88AE","88F4","88F5","88F6","88F7","88F8","88B7","88BA","88AE","88F9","5D","88AB","88FA","88FB","5B","88DC","88BF","88B0","88F8","5D","88AE","88B9","88F8","88FC","88CF","88BA","8940",
"あ","い","i","う","て","と","な","に","ぬ","<","F","ね","の","は","ひ","ふ","O","R","F","へ",">","C","ほ","ま","<","z","W","H","ふ",">","F","Q","ふ","み","m","R","む",
"Found string at 0x9429e with id 60 82 ac 8d; allocation_length 6; actual length 6"
"88BB","88BC","88BD",
"S","T","U",
"Found string at 0x942c1 with id c5 85 7a 94; allocation_length 14; actual length 14"
"88D2","88C3","88D3","88D4","88BB","88BC","88BD",
"p","a","q","r","S","T","U",
"Found string at 0x942d8 with id ae da c7 95; allocation_length 8; actual length 8"
"88B2","88A0","88B3","88B4",
"J","2","K","L",
"Found string at 0x942e9 with id 0f db c7 95; allocation_length 8; actual length 8"
"88B2","88B5","88B4","88B6",
"J","M","L","N",
"Found string at 0x942fa with id 10 39 d8 95; allocation_length 8; actual length 8"
"88B2","88B5","88B4","88B6",
"J","M","L","N",
"Found string at 0x94322 with id 3f 1f ea 9f; allocation_length 6; actual length 6"
"88BB","88BC","88BD",
"S","T","U",
"Found string at 0x94331 with id a0 1f ea 9f; allocation_length 10; actual length 10"
"88C7","88C8","88C9","88CA","88CB",
"e","f","g","h","i",
"Found string at 0x94344 with id 01 20 ea 9f; allocation_length 8; actual length 8"
"88B2","88B5","88B4","88B6",
"J","M","L","N",
"Found string at 0x94355 with id 45 f1 ea 9f; allocation_length 6; actual length 6"
"88BA","88BA","88DB",
"R","R","y",
"Found string at 0x94364 with id ac 96 c1 aa; allocation_length 24; actual length 24"
"88D5","88D6","88D4","88B2","88A0","88B3","88B4","88AE","88AF","88D7","88D8","88D9",
"s","t","r","J","2","K","L","F","G","u","v","w",
"Found string at 0x94385 with id 0d 97 c1 aa; allocation_length 24; actual length 24"
"88D5","88D6","88D4","88B2","88B5","88B4","88B6","88AE","88AF","88D7","88D8","88D9",
"s","t","r","J","M","L","N","F","G","u","v","w",
"Found string at 0x94438 with id 7b b7 ad d7; allocation_length 8; actual length 8"
"88B2","88A0","88B3","88B4",
"J","2","K","L",
"Found string at 0x94449 with id 78 90 a4 da; allocation_length 6; actual length 6"
"889F","88A0","88A1",
"1","2","3",
"Found string at 0x94465 with id 9e 42 f7 e1; allocation_length 10; actual length 10"
"88C7","88C8","88C9","88CA","88CB",
"e","f","g","h","i",
"Found string at 0x94478 with id f8 68 9e ea; allocation_length 6; actual length 6"
"88A4","8943","8944",
"6","や","ゆ",
"Found string at 0x94487 with id 59 69 9e ea; allocation_length 6; actual length 6"
"88A4","8945","8946",
"6","よ","ら",
"Found string at 0x94496 with id ba 69 9e ea; allocation_length 56; actual length 56"
"8947","8948","5B","8949","88BF","88F6","88F7","88C1","5D","88EF","88E0","88B3","88CB","88EA","88AB","88FA","88FB","5B","88DC","88BF","88B0","88F8","5D","88AE","88B9","88F8","88FC","88CF","88BA","8940",
"り","る","<","れ","W","は","ひ","Y",">","て","え","K","i","せ","C","ほ","ま","<","z","W","H","ふ",">","F","Q","ふ","み","m","R","む",
"Found string at 0x944d7 with id c2 f2 4a ee; allocation_length 20; actual length 20"
"88AA","88A1","88AB","88AC","88AD","88AE","88AF","88AE","88B0","88B1",
"B","3","C","D","E","F","G","F","H","I",
"Found string at 0x97c0a with id 06 00 00 00; allocation_length 4; actual length 4"
"8FC1","8B8E",
"僧","技",
"Found string at 0x97c1f with id 00 00 00 00; allocation_length 4; actual length 4"
"8FC1","8B8E",
"僧","技",
"Found string at 0x97f45 with id 02 00 00 00; allocation_length 4; actual length 4"
"90DA","9047",
"泥","太",
"Found string at 0x97fa3 with id 70 65 6e 00; allocation_length 4; actual length 4"
"90DA","9047",
"泥","太",
"Found string at 0x984a1 with id 06 00 00 00; allocation_length 4; actual length 4"
"8FC1","8B8E",
"僧","技",
"Found string at 0x984b6 with id 00 00 00 00; allocation_length 4; actual length 4"
"8FC1","8B8E",
"僧","技",
"Found string at 0x98548 with id 06 00 00 00; allocation_length 4; actual length 4"
"8FC1","8B8E",
"僧","技",
"Found string at 0x9855d with id 00 00 00 00; allocation_length 4; actual length 4"
"8FC1","8B8E",
"僧","技",
"Found string at 0x98a48 with id 06 00 00 00; allocation_length 4; actual length 4"
"8FC1","8B8E",
"僧","技",
"Found string at 0x98a5d with id 00 00 00 00; allocation_length 4; actual length 4"
"8FC1","8B8E",
"僧","技",
"Found string at 0x98af8 with id 06 00 00 00; allocation_length 4; actual length 4"
"8FC1","8B8E",
"僧","技",
"Found string at 0x98b0d with id 00 00 00 00; allocation_length 4; actual length 4"
"8FC1","8B8E",
"僧","技",
"Found string at 0x98ba8 with id 06 00 00 00; allocation_length 4; actual length 4"
"8FC1","8B8E",
"僧","技",
"Found string at 0x98bbd with id 00 00 00 00; allocation_length 4; actual length 4"
"8FC1","8B8E",
"僧","技",
"Found string at 0x98c51 with id 06 00 00 00; allocation_length 4; actual length 4"
"8FC1","8B8E",
"僧","技",
"Found string at 0x98c66 with id 00 00 00 00; allocation_length 4; actual length 4"
"8FC1","8B8E",
"僧","技",
"Found string at 0x98d20 with id 06 00 00 00; allocation_length 4; actual length 4"
"8FC1","8B8E",
"僧","技",
"Found string at 0x98d35 with id 00 00 00 00; allocation_length 4; actual length 4"
"8FC1","8B8E",
"僧","技",
