"Found string at 0x56419 with id ca 00 00 10; allocation_length 2; actual length 2"
"9201",
"??",
"Found string at 0x56459 with id 92 01 00 10; allocation_length 2; actual length 2"
"9201",
"??",
"Found string at 0x56479 with id 92 01 ff 0f; allocation_length 2; actual length 2"
"9201",
"??",
"Found string at 0x56609 with id 92 01 ff 0f; allocation_length 2; actual length 2"
"9201",
"??",
"Found string at 0x56619 with id 92 01 ff 0f; allocation_length 2; actual length 2"
"9201",
"??",
"Found string at 0x56629 with id 92 01 ff 0f; allocation_length 2; actual length 2"
"9201",
"??",
"Found string at 0x56639 with id 92 01 ff 0f; allocation_length 2; actual length 2"
"9201",
"??",
"Found string at 0x56649 with id 92 01 ff 0f; allocation_length 2; actual length 2"
"9201",
"??",
"Found string at 0x56659 with id 92 01 ff 0f; allocation_length 2; actual length 2"
"9201",
"??",
"Found string at 0x56669 with id 92 01 ff 0f; allocation_length 2; actual length 2"
"9201",
"??",
"Found string at 0x567f9 with id 92 01 ff 0f; allocation_length 2; actual length 2"
"9201",
"??",
"Found string at 0x56809 with id 92 01 ff 0f; allocation_length 2; actual length 2"
"9201",
"??",
"Found string at 0x56819 with id 92 01 ff 0f; allocation_length 2; actual length 2"
"9201",
"??",
"Found string at 0x56829 with id 92 01 ff 0f; allocation_length 2; actual length 2"
"9201",
"??",
"Found string at 0x56839 with id 92 01 ff 0f; allocation_length 2; actual length 2"
"9201",
"??",
"Found string at 0x56849 with id 92 01 ff 0f; allocation_length 2; actual length 2"
"9201",
"??",
"Found string at 0x56859 with id 92 01 ff 0f; allocation_length 2; actual length 2"
"9201",
"??",
"Found string at 0x1fc9dd with id 31 33 35 00; allocation_length 6; actual length 2"
ALLOC BIGGER THAN STRING LEN
"954E",
"??",
"Found string at 0x1fca81 with id 65 31 32 00; allocation_length 6; actual length 2"
ALLOC BIGGER THAN STRING LEN
"9553",
"??",
"Found string at 0x1fd3ff with id c5 bb 00 00; allocation_length 6; actual length 2"
ALLOC BIGGER THAN STRING LEN
"95BB",
"Áê≥",
