"Found string at 0xff071 with id 0e 00 00 00; allocation_length 4; actual length 2"
ALLOC BIGGER THAN STRING LEN
"9500",
"??",
"Found string at 0xff635 with id 04 00 00 00; allocation_length 5; actual length 2"
ALLOC BIGGER THAN STRING LEN
"9002",
"??",
"Found string at 0xffaa4 with id 04 00 00 00; allocation_length 4; actual length 2"
ALLOC BIGGER THAN STRING LEN
"9400",
"??",
"Found string at 0x17fa90 with id c5 db 00 00; allocation_length 6; actual length 2"
ALLOC BIGGER THAN STRING LEN
"95DB",
"??",
