"Found string at 0x149f85 with id ee 3b bf 17; allocation_length 4; actual length 4"
"88C4","8944",
"b","ゆ",
"Found string at 0x149f92 with id 4f 3c bf 17; allocation_length 4; actual length 4"
"88C4","88C8",
"b","f",
"Found string at 0x149f9f with id b0 3c bf 17; allocation_length 58; actual length 58"
"88DF","88B0","88E0","88E1","88BF","88C6","88C7","88C8","88F0","88C4","88C8","8945","88C4","8944","88FB","88FC","8940","5B","88DB","88BB","8941","88F9","5D","88D4","88B5","88F9","8942","88CC","88B6","8943",
"う","H","え","お","W","d","e","f","と","b","f","よ","b","ゆ","ま","み","む","<","y","S","め","へ",">","r","M","へ","も","j","N","や",
"Found string at 0x14a02a with id 27 7e 05 1d; allocation_length 14; actual length 14"
"88BE","88BF","88C0","88C1","88C2","88C3","88BF",
"V","W","X","Y","Z","a","W",
"Found string at 0x14a041 with id 88 7e 05 1d; allocation_length 14; actual length 14"
"88C4","88C5","88C6","88C7","88C8","88C9","88CA",
"b","c","d","e","f","g","h",
"Found string at 0x14a058 with id e9 7e 05 1d; allocation_length 10; actual length 10"
"88CB","88BD","88CC","88CD","88CE",
"i","U","j","k","l",
"Found string at 0x14a0c1 with id a2 0c 82 27; allocation_length 24; actual length 24"
"88C4","88C5","88C6","88C7","88C8","88C9","88CA","5B","88DB","88B4","88B5","88B6","5D",
"b","c","d","e","f","g","h","<","y","L","M","N",">",
"Found string at 0x14a143 with id c8 7a 7b 30; allocation_length 10; actual length 10"
"88CB","88BD","88CC","88CD","88CE",
"i","U","j","k","l",
"Found string at 0x14a17b with id 2e 25 e2 33; allocation_length 6; actual length 6"
"88B7","88B8","88B9",
"O","P","Q",
"Found string at 0x14a18a with id 8f 25 e2 33; allocation_length 10; actual length 10"
"88C4","88C5","88C6","88C7","88C8",
"b","c","d","e","f",
"Found string at 0x14a19d with id f0 25 e2 33; allocation_length 8; actual length 8"
"88AD","88AE","88AF","88B0",
"E","F","G","H",
"Found string at 0x14a1ae with id 51 26 e2 33; allocation_length 8; actual length 8"
"88AD","88B1","88B0","88B2",
"E","I","H","J",
"Found string at 0x14a1e6 with id 2d 23 78 3a; allocation_length 8; actual length 8"
"88BA","88BB","88BC","88BD",
"R","S","T","U",
"Found string at 0x14a256 with id 86 e2 80 48; allocation_length 6; actual length 6"
"88B7","88B8","88B9",
"O","P","Q",
"Found string at 0x14a265 with id e7 e2 80 48; allocation_length 10; actual length 10"
"88C4","88C5","88C6","88C7","88C8",
"b","c","d","e","f",
"Found string at 0x14a278 with id 48 e3 80 48; allocation_length 8; actual length 8"
"88AD","88AE","88AF","88B0",
"E","F","G","H",
"Found string at 0x14a289 with id a9 e3 80 48; allocation_length 8; actual length 8"
"88AD","88B1","88B0","88B2",
"E","I","H","J",
"Found string at 0x14a2d3 with id 79 4c d0 52; allocation_length 8; actual length 8"
"88DC","88DD","88C8","88DE",
"z","あ","f","い",
"Found string at 0x14a2e4 with id da 4c d0 52; allocation_length 16; actual length 16"
"88DF","88B0","88E0","88E1","88BF","88C6","88C7","88C8",
"う","H","え","お","W","d","e","f",
"Found string at 0x14a2fd with id 3b 4d d0 52; allocation_length 6; actual length 6"
"88E2","889F","88A7",
"か","1","9",
"Found string at 0x14a30c with id 9c 4d d0 52; allocation_length 4; actual length 4"
"88E3","88E4",
"き","く",
"Found string at 0x14a3d2 with id bd 02 87 58; allocation_length 16; actual length 16"
"88A5","88A6","88A7","88A8","88A9","88AA","88AB","88AC",
"7","8","9","0","A","B","C","D",
"Found string at 0x14a40f with id ea d3 21 5d; allocation_length 8; actual length 8"
"88B3","88B4","88B5","88B6",
"K","L","M","N",
"Found string at 0x14a4c7 with id 79 cf e1 62; allocation_length 4; actual length 4"
"88D9","88B6",
"w","N",
"Found string at 0x14a65e with id d6 23 98 7d; allocation_length 6; actual length 6"
"88B7","88B8","88B9",
"O","P","Q",
"Found string at 0x14a6df with id 49 7b cf 86; allocation_length 8; actual length 8"
"88E5","88E6","88AF","88E7",
"け","こ","G","さ",
"Found string at 0x14a6f0 with id aa 7b cf 86; allocation_length 8; actual length 8"
"88E8","88E9","88E1","88C4",
"し","す","お","b",
"Found string at 0x14a701 with id 0b 7c cf 86; allocation_length 22; actual length 22"
"88DE","88E7","88EA","88BF","88C5","88EB","88EB","88EC","88ED","88EE","88EF",
"い","さ","せ","W","c","そ","そ","た","ち","つ","て",
"Found string at 0x14a720 with id 6c 7c cf 86; allocation_length 70; actual length 70"
"88DC","88DD","88C8","88DE","88F0","88F1","88F2","88F3","88F4","5B","88D4","88F5","88F6","88F7","88F8","88F9","88B3","88B6","88D4","88FA","5D","88FB","88FC","8940","5B","88DB","88BB","8941","88F9","5D","88D4","88B5","88F9","8942","88CC","88B6","8943",
"z","あ","f","い","と","な","に","ぬ","ね","<","r","の","は","ひ","ふ","へ","K","N","r","ほ",">","ま","み","む","<","y","S","め","へ",">","r","M","へ","も","j","N","や",
"Found string at 0x14a7bb with id 60 82 ac 8d; allocation_length 6; actual length 6"
"88B7","88B8","88B9",
"O","P","Q",
"Found string at 0x14a83b with id c5 85 7a 94; allocation_length 14; actual length 14"
"88CF","88BF","88D0","88D1","88B7","88B8","88B9",
"m","W","n","o","O","P","Q",
"Found string at 0x14a85f with id ae da c7 95; allocation_length 8; actual length 8"
"88AD","88AE","88AF","88B0",
"E","F","G","H",
"Found string at 0x14a870 with id 0f db c7 95; allocation_length 8; actual length 8"
"88AD","88B1","88B0","88B2",
"E","I","H","J",
"Found string at 0x14a881 with id 10 39 d8 95; allocation_length 8; actual length 8"
"88AD","88B1","88B0","88B2",
"E","I","H","J",
"Found string at 0x14a958 with id 3f 1f ea 9f; allocation_length 6; actual length 6"
"88B7","88B8","88B9",
"O","P","Q",
"Found string at 0x14a967 with id a0 1f ea 9f; allocation_length 10; actual length 10"
"88C4","88C5","88C6","88C7","88C8",
"b","c","d","e","f",
"Found string at 0x14a97a with id 01 20 ea 9f; allocation_length 8; actual length 8"
"88AD","88B1","88B0","88B2",
"E","I","H","J",
"Found string at 0x14a98b with id 45 f1 ea 9f; allocation_length 6; actual length 6"
"88B6","88B6","88DA",
"N","N","x",
"Found string at 0x14aa03 with id ac 96 c1 aa; allocation_length 24; actual length 24"
"88D2","88D3","88D1","88AD","88AE","88AF","88B0","88D4","88D5","88D6","88D7","88D8",
"p","q","o","E","F","G","H","r","s","t","u","v",
"Found string at 0x14aa24 with id 0d 97 c1 aa; allocation_length 24; actual length 24"
"88D2","88D3","88D1","88AD","88B1","88B0","88B2","88D4","88D5","88D6","88D7","88D8",
"p","q","o","E","I","H","J","r","s","t","u","v",
"Found string at 0x14ac1c with id 7b b7 ad d7; allocation_length 8; actual length 8"
"88AD","88AE","88AF","88B0",
"E","F","G","H",
"Found string at 0x14ac60 with id 78 90 a4 da; allocation_length 12; actual length 12"
"889F","88A0","88A1","88A2","88A3","88A4",
"1","2","3","4","5","6",
"Found string at 0x14ac8e with id 9e 42 f7 e1; allocation_length 10; actual length 10"
"88C4","88C5","88C6","88C7","88C8",
"b","c","d","e","f",
"Found string at 0x14acda with id f8 68 9e ea; allocation_length 6; actual length 6"
"88A7","8946","8947",
"9","ら","り",
"Found string at 0x14ace9 with id 59 69 9e ea; allocation_length 6; actual length 6"
"88A7","88A6","8948",
"9","8","る",
"Found string at 0x14acf8 with id ba 69 9e ea; allocation_length 56; actual length 56"
"8949","894A","5B","894B","88BB","88F7","88F8","88BD","5D","88F0","88DF","88AF","88C8","88E8","88FB","88FC","8940","5B","88DB","88BB","8941","88F9","5D","88D4","88B5","88F9","8942","88CC","88B6","8943",
"れ","ろ","<","わ","S","ひ","ふ","U",">","と","う","G","f","し","ま","み","む","<","y","S","め","へ",">","r","M","へ","も","j","N","や",
"Found string at 0x15c084 with id 68 00 00 00; allocation_length 5; actual length 2"
ALLOC BIGGER THAN STRING LEN
"9508",
"??",
