"Found string at 0xa2f with id 0a f5 00 20; allocation_length 3; actual length 2"
ALLOC BIGGER THAN STRING LEN
"8C00",
"??",
"Found string at 0xc57 with id 52 3b 00 80; allocation_length 4; actual length 2"
ALLOC BIGGER THAN STRING LEN
"8C00",
"??",
"Found string at 0x1f381 with id 06 00 00 00; allocation_length 3; actual length 2"
ALLOC BIGGER THAN STRING LEN
"9000",
"??",
"Found string at 0x78ae2 with id ee 3b bf 17; allocation_length 4; actual length 4"
"88CD","8949",
"k","れ",
"Found string at 0x78aef with id 4f 3c bf 17; allocation_length 4; actual length 4"
"88CD","88AA",
"k","B",
"Found string at 0x78afc with id b0 3c bf 17; allocation_length 58; actual length 58"
"88E6","88B9","88E7","88E8","88C8","88CF","88D0","88AA","88F6","88CD","88AA","894A","88CD","8949","8943","8944","8945","5B","88E2","88C4","8946","8941","5D","88DC","88BE","8941","8947","88D4","88BF","8948",
"こ","Q","さ","し","f","m","n","B","は","k","B","ろ","k","れ","や","ゆ","よ","<","か","b","ら","め",">","z","V","め","り","r","W","る",
"Found string at 0x78b56 with id 27 7e 05 1d; allocation_length 14; actual length 14"
"88C7","88C8","88C9","88CA","88CB","88CC","88C8",
"e","f","g","h","i","j","f",
"Found string at 0x78b6d with id 88 7e 05 1d; allocation_length 14; actual length 14"
"88CD","88CE","88CF","88D0","88AA","88D1","88D2",
"k","l","m","n","B","o","p",
"Found string at 0x78b84 with id e9 7e 05 1d; allocation_length 10; actual length 10"
"88D3","88C6","88D4","88D5","88D6",
"q","d","r","s","t",
"Found string at 0x78ba3 with id a2 0c 82 27; allocation_length 24; actual length 24"
"88CD","88CE","88CF","88D0","88AA","88D1","88D2","5B","88E2","88BD","88BE","88BF","5D",
"k","l","m","n","B","o","p","<","か","U","V","W",">",
"Found string at 0x78bf7 with id c8 7a 7b 30; allocation_length 10; actual length 10"
"88D3","88C6","88D4","88D5","88D6",
"q","d","r","s","t",
"Found string at 0x78c0a with id 2e 25 e2 33; allocation_length 6; actual length 6"
"88C0","88C1","88C2",
"X","Y","Z",
"Found string at 0x78c19 with id 8f 25 e2 33; allocation_length 10; actual length 10"
"88CD","88CE","88CF","88D0","88AA",
"k","l","m","n","B",
"Found string at 0x78c2c with id f0 25 e2 33; allocation_length 8; actual length 8"
"88B6","88B7","88B8","88B9",
"N","O","P","Q",
"Found string at 0x78c3d with id 51 26 e2 33; allocation_length 8; actual length 8"
"88B6","88BA","88B9","88BB",
"N","R","Q","S",
"Found string at 0x78c4e with id 2d 23 78 3a; allocation_length 8; actual length 8"
"88C3","88C4","88C5","88C6",
"a","b","c","d",
"Found string at 0x78c79 with id 86 e2 80 48; allocation_length 6; actual length 6"
"88C0","88C1","88C2",
"X","Y","Z",
"Found string at 0x78c88 with id e7 e2 80 48; allocation_length 10; actual length 10"
"88CD","88CE","88CF","88D0","88AA",
"k","l","m","n","B",
"Found string at 0x78c9b with id 48 e3 80 48; allocation_length 8; actual length 8"
"88B6","88B7","88B8","88B9",
"N","O","P","Q",
"Found string at 0x78cac with id a9 e3 80 48; allocation_length 8; actual length 8"
"88B6","88BA","88B9","88BB",
"N","R","Q","S",
"Found string at 0x78cc8 with id 79 4c d0 52; allocation_length 8; actual length 8"
"88E3","88E4","88AA","88E5",
"き","く","B","け",
"Found string at 0x78cd9 with id da 4c d0 52; allocation_length 16; actual length 16"
"88E6","88B9","88E7","88E8","88C8","88CF","88D0","88AA",
"こ","Q","さ","し","f","m","n","B",
"Found string at 0x78cf2 with id 3b 4d d0 52; allocation_length 6; actual length 6"
"88E9","88EA","88A4",
"す","せ","6",
"Found string at 0x78d01 with id 9c 4d d0 52; allocation_length 4; actual length 4"
"88EB","88EC",
"そ","た",
"Found string at 0x78d2b with id bd 02 87 58; allocation_length 16; actual length 16"
"88A2","88A3","88A4","88A5","88A6","88A7","88A5","88A8",
"4","5","6","7","8","9","7","0",
"Found string at 0x78d44 with id ea d3 21 5d; allocation_length 8; actual length 8"
"88BC","88BD","88BE","88BF",
"T","U","V","W",
"Found string at 0x78d6d with id 79 cf e1 62; allocation_length 4; actual length 4"
"88E0","88BF",
"え","W",
"Found string at 0x78dde with id d6 23 98 7d; allocation_length 6; actual length 6"
"88C0","88C1","88C2",
"X","Y","Z",
"Found string at 0x78e11 with id 49 7b cf 86; allocation_length 8; actual length 8"
"88ED","88EE","88B8","88EF",
"ち","つ","P","て",
"Found string at 0x78e22 with id aa 7b cf 86; allocation_length 8; actual length 8"
"88F0","88F1","88E8","88CD",
"と","な","し","k",
"Found string at 0x78e33 with id 0b 7c cf 86; allocation_length 22; actual length 22"
"88E5","88EF","88F2","88C8","88CE","88F3","88F3","88AB","88F4","88F5","88B5",
"け","て","に","f","l","ぬ","ぬ","C","ね","の","M",
"Found string at 0x78e52 with id 6c 7c cf 86; allocation_length 70; actual length 70"
"88E3","88E4","88AA","88E5","88F6","88F7","88F8","88F9","88FA","5B","88DC","88FB","88FC","88B0","8940","8941","88BC","88BF","88DC","8942","5D","8943","8944","8945","5B","88E2","88C4","8946","8941","5D","88DC","88BE","8941","8947","88D4","88BF","8948",
"き","く","B","け","は","ひ","ふ","へ","ほ","<","z","ま","み","H","む","め","T","W","z","も",">","や","ゆ","よ","<","か","b","ら","め",">","z","V","め","り","r","W","る",
"Found string at 0x78ead with id 60 82 ac 8d; allocation_length 6; actual length 6"
"88C0","88C1","88C2",
"X","Y","Z",
"Found string at 0x78ee4 with id c5 85 7a 94; allocation_length 14; actual length 14"
"88D7","88C8","88D8","88D9","88C0","88C1","88C2",
"u","f","v","w","X","Y","Z",
"Found string at 0x78efb with id ae da c7 95; allocation_length 8; actual length 8"
"88B6","88B7","88B8","88B9",
"N","O","P","Q",
"Found string at 0x78f0c with id 0f db c7 95; allocation_length 8; actual length 8"
"88B6","88BA","88B9","88BB",
"N","R","Q","S",
"Found string at 0x78f1d with id 10 39 d8 95; allocation_length 8; actual length 8"
"88B6","88BA","88B9","88BB",
"N","R","Q","S",
"Found string at 0x78f46 with id 3f 1f ea 9f; allocation_length 6; actual length 6"
"88C0","88C1","88C2",
"X","Y","Z",
"Found string at 0x78f55 with id a0 1f ea 9f; allocation_length 10; actual length 10"
"88CD","88CE","88CF","88D0","88AA",
"k","l","m","n","B",
"Found string at 0x78f68 with id 01 20 ea 9f; allocation_length 8; actual length 8"
"88B6","88BA","88B9","88BB",
"N","R","Q","S",
"Found string at 0x78f79 with id 45 f1 ea 9f; allocation_length 6; actual length 6"
"88BF","88BF","88E1",
"W","W","お",
"Found string at 0x78f88 with id ac 96 c1 aa; allocation_length 24; actual length 24"
"88DA","88DB","88D9","88B6","88B7","88B8","88B9","88DC","88DD","88B4","88DE","88DF",
"x","y","w","N","O","P","Q","z","あ","L","い","う",
"Found string at 0x78fa9 with id 0d 97 c1 aa; allocation_length 24; actual length 24"
"88DA","88DB","88D9","88B6","88BA","88B9","88BB","88DC","88DD","88B4","88DE","88DF",
"x","y","w","N","R","Q","S","z","あ","L","い","う",
"Found string at 0x79070 with id 7b b7 ad d7; allocation_length 8; actual length 8"
"88B6","88B7","88B8","88B9",
"N","O","P","Q",
"Found string at 0x79081 with id 78 90 a4 da; allocation_length 6; actual length 6"
"889F","88A0","88A1",
"1","2","3",
"Found string at 0x7909b with id 9e 42 f7 e1; allocation_length 10; actual length 10"
"88CD","88CE","88CF","88D0","88AA",
"k","l","m","n","B",
"Found string at 0x790ae with id f8 68 9e ea; allocation_length 6; actual length 6"
"88A4","894B","894C",
"6","わ","を",
"Found string at 0x790bd with id 59 69 9e ea; allocation_length 6; actual length 6"
"88A4","894D","894E",
"6","ん","ー",
"Found string at 0x790cc with id ba 69 9e ea; allocation_length 56; actual length 56"
"894F","8950","5B","8951","88C4","88B0","8940","88C6","5D","88F6","88E6","88B8","88AA","88F0","8943","8944","8945","5B","88E2","88C4","8946","8941","5D","88DC","88BE","8941","8947","88D4","88BF","8948",
"、","。","<","ぁ","b","H","む","d",">","は","こ","P","B","と","や","ゆ","よ","<","か","b","ら","め",">","z","V","め","り","r","W","る",
"Found string at 0x7910d with id c2 f2 4a ee; allocation_length 30; actual length 30"
"88A9","88AA","88AB","88AA","88AC","88AD","88AE","88A2","88AF","88B0","88B1","88B2","88B3","88B4","88AE",
"A","B","C","B","D","E","F","4","G","H","I","J","K","L","F",
"Found string at 0x79134 with id 23 f3 4a ee; allocation_length 30; actual length 30"
"88A9","88AA","88AB","88AA","88AC","88AD","88AE","88A2","88AF","88B0","88B5","88B2","88B3","88B4","88AE",
"A","B","C","B","D","E","F","4","G","H","M","J","K","L","F",
"Found string at 0x7915b with id 84 f3 4a ee; allocation_length 30; actual length 30"
"88A9","88AA","88AB","88AA","88AC","88AD","88AE","88A2","88AF","88B0","88A8","88B2","88B3","88B4","88AE",
"A","B","C","B","D","E","F","4","G","H","0","J","K","L","F",
