"Found string at 0xc57 with id 47 81 00 80; allocation_length 4; actual length 2"
ALLOC BIGGER THAN STRING LEN
"8C00",
"??",
"Found string at 0x64d58 with id ee 3b bf 17; allocation_length 4; actual length 4"
"88CC","8944",
"j","ゆ",
"Found string at 0x64d65 with id 4f 3c bf 17; allocation_length 4; actual length 4"
"88CC","88A0",
"j","2",
"Found string at 0x64d72 with id b0 3c bf 17; allocation_length 58; actual length 58"
"88E4","88BA","88E5","88E6","88A4","88CE","88CF","88A0","88F2","88CC","88A0","8945","88CC","8944","88B0","8940","8941","5B","88E0","88C4","88B5","88FB","5D","88B3","88BE","88FB","8942","88D3","88BF","8943",
"く","R","け","こ","6","l","m","2","に","j","2","よ","j","ゆ","H","む","め","<","え","b","M","ま",">","K","V","ま","も","q","W","や",
"Found string at 0x64dcd with id 27 7e 05 1d; allocation_length 14; actual length 14"
"88C7","88A4","88C8","88C9","88CA","88CB","88A4",
"e","6","f","g","h","i","6",
"Found string at 0x64de4 with id 88 7e 05 1d; allocation_length 14; actual length 14"
"88CC","88CD","88CE","88CF","88A0","88D0","88D1",
"j","k","l","m","2","n","o",
"Found string at 0x64dfb with id e9 7e 05 1d; allocation_length 10; actual length 10"
"88D2","88C6","88D3","88D4","88D5",
"p","d","q","r","s",
"Found string at 0x64e1a with id a2 0c 82 27; allocation_length 24; actual length 24"
"88CC","88CD","88CE","88CF","88A0","88D0","88D1","5B","88E0","88BD","88BE","88BF","5D",
"j","k","l","m","2","n","o","<","え","U","V","W",">",
"Found string at 0x64e69 with id c8 7a 7b 30; allocation_length 10; actual length 10"
"88D2","88C6","88D3","88D4","88D5",
"p","d","q","r","s",
"Found string at 0x64e7c with id 2e 25 e2 33; allocation_length 6; actual length 6"
"88C0","88C1","88C2",
"X","Y","Z",
"Found string at 0x64e8b with id 8f 25 e2 33; allocation_length 10; actual length 10"
"88CC","88CD","88CE","88CF","88A0",
"j","k","l","m","2",
"Found string at 0x64e9e with id f0 25 e2 33; allocation_length 8; actual length 8"
"88B7","88B8","88B9","88BA",
"O","P","Q","R",
"Found string at 0x64eaf with id 51 26 e2 33; allocation_length 8; actual length 8"
"88B7","88A3","88BA","88BB",
"O","5","R","S",
"Found string at 0x64ec0 with id 2d 23 78 3a; allocation_length 8; actual length 8"
"88C3","88C4","88C5","88C6",
"a","b","c","d",
"Found string at 0x64eeb with id 86 e2 80 48; allocation_length 6; actual length 6"
"88C0","88C1","88C2",
"X","Y","Z",
"Found string at 0x64efa with id e7 e2 80 48; allocation_length 10; actual length 10"
"88CC","88CD","88CE","88CF","88A0",
"j","k","l","m","2",
"Found string at 0x64f0d with id 48 e3 80 48; allocation_length 8; actual length 8"
"88B7","88B8","88B9","88BA",
"O","P","Q","R",
"Found string at 0x64f1e with id a9 e3 80 48; allocation_length 8; actual length 8"
"88B7","88A3","88BA","88BB",
"O","5","R","S",
"Found string at 0x64f2f with id 79 4c d0 52; allocation_length 8; actual length 8"
"88E1","88E2","88A0","88E3",
"お","か","2","き",
"Found string at 0x64f40 with id da 4c d0 52; allocation_length 16; actual length 16"
"88E4","88BA","88E5","88E6","88A4","88CE","88CF","88A0",
"く","R","け","こ","6","l","m","2",
"Found string at 0x64f59 with id 3b 4d d0 52; allocation_length 6; actual length 6"
"88E7","88E8","88A9",
"さ","し","A",
"Found string at 0x64f68 with id 9c 4d d0 52; allocation_length 4; actual length 4"
"88E9","88EA",
"す","せ",
"Found string at 0x64f83 with id bd 02 87 58; allocation_length 16; actual length 16"
"88A7","88A8","88A9","88AA","88AB","88AC","88AA","88AD",
"9","0","A","B","C","D","B","E",
"Found string at 0x64f9c with id ea d3 21 5d; allocation_length 8; actual length 8"
"88BC","88BD","88BE","88BF",
"T","U","V","W",
"Found string at 0x64fc5 with id 79 cf e1 62; allocation_length 4; actual length 4"
"88DE","88BF",
"い","W",
"Found string at 0x6502c with id d6 23 98 7d; allocation_length 6; actual length 6"
"88C0","88C1","88C2",
"X","Y","Z",
"Found string at 0x6505f with id 49 7b cf 86; allocation_length 8; actual length 8"
"88EB","88EC","88B9","88A6",
"そ","た","Q","8",
"Found string at 0x65070 with id aa 7b cf 86; allocation_length 8; actual length 8"
"88ED","88A1","88E6","88CC",
"ち","3","こ","j",
"Found string at 0x65081 with id 0b 7c cf 86; allocation_length 22; actual length 22"
"88E3","88A6","88EE","88A4","88CD","88AF","88AF","88EF","88F0","88AE","88F1",
"き","8","つ","6","k","G","G","て","と","F","な",
"Found string at 0x650a0 with id 6c 7c cf 86; allocation_length 70; actual length 70"
"88E1","88E2","88A0","88E3","88F2","88F3","88F4","88F5","88F6","5B","88B3","88F7","88F8","88F9","88FA","88FB","88BC","88BF","88B3","88FC","5D","88B0","8940","8941","5B","88E0","88C4","88B5","88FB","5D","88B3","88BE","88FB","8942","88D3","88BF","8943",
"お","か","2","き","に","ぬ","ね","の","は","<","K","ひ","ふ","へ","ほ","ま","T","W","K","み",">","H","む","め","<","え","b","M","ま",">","K","V","ま","も","q","W","や",
"Found string at 0x650fc with id 60 82 ac 8d; allocation_length 6; actual length 6"
"88C0","88C1","88C2",
"X","Y","Z",
"Found string at 0x6511f with id c5 85 7a 94; allocation_length 14; actual length 14"
"88D6","88A4","88D7","88D8","88C0","88C1","88C2",
"t","6","u","v","X","Y","Z",
"Found string at 0x65136 with id ae da c7 95; allocation_length 8; actual length 8"
"88B7","88B8","88B9","88BA",
"O","P","Q","R",
"Found string at 0x65147 with id 0f db c7 95; allocation_length 8; actual length 8"
"88B7","88A3","88BA","88BB",
"O","5","R","S",
"Found string at 0x65158 with id 10 39 d8 95; allocation_length 8; actual length 8"
"88B7","88A3","88BA","88BB",
"O","5","R","S",
"Found string at 0x65180 with id 3f 1f ea 9f; allocation_length 6; actual length 6"
"88C0","88C1","88C2",
"X","Y","Z",
"Found string at 0x6518f with id a0 1f ea 9f; allocation_length 10; actual length 10"
"88CC","88CD","88CE","88CF","88A0",
"j","k","l","m","2",
"Found string at 0x651a2 with id 01 20 ea 9f; allocation_length 8; actual length 8"
"88B7","88A3","88BA","88BB",
"O","5","R","S",
"Found string at 0x651b3 with id 45 f1 ea 9f; allocation_length 6; actual length 6"
"88BF","88BF","88DF",
"W","W","う",
"Found string at 0x651c2 with id ac 96 c1 aa; allocation_length 24; actual length 24"
"88D9","88DA","88D8","88B7","88B8","88B9","88BA","88B3","88B4","88DB","88DC","88DD",
"w","x","v","O","P","Q","R","K","L","y","z","あ",
"Found string at 0x651e3 with id 0d 97 c1 aa; allocation_length 24; actual length 24"
"88D9","88DA","88D8","88B7","88A3","88BA","88BB","88B3","88B4","88DB","88DC","88DD",
"w","x","v","O","5","R","S","K","L","y","z","あ",
"Found string at 0x652a2 with id 7b b7 ad d7; allocation_length 8; actual length 8"
"88B7","88B8","88B9","88BA",
"O","P","Q","R",
"Found string at 0x652b3 with id 78 90 a4 da; allocation_length 18; actual length 18"
"889F","88A0","88A1","88A2","88A3","88A4","88A5","88A2","88A6",
"1","2","3","4","5","6","7","4","8",
"Found string at 0x652db with id 9e 42 f7 e1; allocation_length 10; actual length 10"
"88CC","88CD","88CE","88CF","88A0",
"j","k","l","m","2",
"Found string at 0x652ee with id f8 68 9e ea; allocation_length 6; actual length 6"
"88A9","8946","8947",
"A","ら","り",
"Found string at 0x652fd with id 59 69 9e ea; allocation_length 6; actual length 6"
"88A9","88A8","8948",
"A","0","る",
"Found string at 0x6530c with id ba 69 9e ea; allocation_length 56; actual length 56"
"8949","894A","5B","894B","88C4","88F9","88FA","88C6","5D","88F2","88E4","88B9","88A0","88ED","88B0","8940","8941","5B","88E0","88C4","88B5","88FB","5D","88B3","88BE","88FB","8942","88D3","88BF","8943",
"れ","ろ","<","わ","b","へ","ほ","d",">","に","く","Q","2","ち","H","む","め","<","え","b","M","ま",">","K","V","ま","も","q","W","や",
"Found string at 0x6534d with id c2 f2 4a ee; allocation_length 20; actual length 20"
"88AE","88AF","88B0","88B1","88B2","88B3","88B4","88B3","88B5","88B6",
"F","G","H","I","J","K","L","K","M","N",
"Found string at 0x673a1 with id 08 00 00 00; allocation_length 8; actual length 8"
"949A","94AD","955C","8EA6",
"圭","駒","西","沼",
"Found string at 0x673ba with id 00 00 00 00; allocation_length 8; actual length 8"
"949A","94AD","955C","8EA6",
"圭","駒","西","沼",
"Found string at 0x673cc with id 06 00 00 00; allocation_length 4; actual length 4"
"8FC1","8B8E",
"僧","技",
"Found string at 0x673e1 with id 00 00 00 00; allocation_length 4; actual length 4"
"8FC1","8B8E",
"僧","技",
"Found string at 0x674c8 with id 06 00 00 00; allocation_length 4; actual length 4"
"8FC1","8B8E",
"僧","技",
"Found string at 0x674dd with id 00 00 00 00; allocation_length 4; actual length 4"
"8FC1","8B8E",
"僧","技",
"Found string at 0x675ca with id 06 00 00 00; allocation_length 4; actual length 4"
"8FC1","8B8E",
"僧","技",
"Found string at 0x675df with id 00 00 00 00; allocation_length 4; actual length 4"
"8FC1","8B8E",
"僧","技",
"Found string at 0x677d7 with id 06 00 00 00; allocation_length 4; actual length 4"
"8FC1","8B8E",
"僧","技",
"Found string at 0x677ec with id 00 00 00 00; allocation_length 4; actual length 4"
"8FC1","8B8E",
"僧","技",
"Found string at 0x678ca with id 06 00 00 00; allocation_length 4; actual length 4"
"8FC1","8B8E",
"僧","技",
"Found string at 0x678df with id 00 00 00 00; allocation_length 4; actual length 4"
"8FC1","8B8E",
"僧","技",
"Found string at 0x6798e with id 06 00 00 00; allocation_length 4; actual length 4"
"8FC1","8B8E",
"僧","技",
"Found string at 0x679a3 with id 00 00 00 00; allocation_length 4; actual length 4"
"8FC1","8B8E",
"僧","技",
