"Found string at 0x563e9 with id ca 00 00 10; allocation_length 2; actual length 2"
"9201",
"??",
"Found string at 0x56429 with id 92 01 00 10; allocation_length 2; actual length 2"
"9201",
"??",
"Found string at 0x56449 with id 92 01 ff 0f; allocation_length 2; actual length 2"
"9201",
"??",
"Found string at 0x565d9 with id 92 01 ff 0f; allocation_length 2; actual length 2"
"9201",
"??",
"Found string at 0x565e9 with id 92 01 ff 0f; allocation_length 2; actual length 2"
"9201",
"??",
"Found string at 0x565f9 with id 92 01 ff 0f; allocation_length 2; actual length 2"
"9201",
"??",
"Found string at 0x56609 with id 92 01 ff 0f; allocation_length 2; actual length 2"
"9201",
"??",
"Found string at 0x56619 with id 92 01 ff 0f; allocation_length 2; actual length 2"
"9201",
"??",
"Found string at 0x56629 with id 92 01 ff 0f; allocation_length 2; actual length 2"
"9201",
"??",
"Found string at 0x56639 with id 92 01 ff 0f; allocation_length 2; actual length 2"
"9201",
"??",
"Found string at 0x567c9 with id 92 01 ff 0f; allocation_length 2; actual length 2"
"9201",
"??",
"Found string at 0x567d9 with id 92 01 ff 0f; allocation_length 2; actual length 2"
"9201",
"??",
"Found string at 0x567e9 with id 92 01 ff 0f; allocation_length 2; actual length 2"
"9201",
"??",
"Found string at 0x567f9 with id 92 01 ff 0f; allocation_length 2; actual length 2"
"9201",
"??",
"Found string at 0x56809 with id 92 01 ff 0f; allocation_length 2; actual length 2"
"9201",
"??",
"Found string at 0x56819 with id 92 01 ff 0f; allocation_length 2; actual length 2"
"9201",
"??",
"Found string at 0x56829 with id 92 01 ff 0f; allocation_length 2; actual length 2"
"9201",
"??",
"Found string at 0x120389 with id 00 00 00 00; allocation_length 2; actual length 2"
"9201",
"??",
"Found string at 0x20fa92 with id 00 00 00 00; allocation_length 3; actual length 3"
"894E","20",
"ー","",
"Found string at 0x22e3bf with id 31 33 35 00; allocation_length 6; actual length 2"
ALLOC BIGGER THAN STRING LEN
"954E",
"??",
"Found string at 0x22e455 with id 65 31 32 00; allocation_length 6; actual length 2"
ALLOC BIGGER THAN STRING LEN
"9553",
"??",
"Found string at 0x22ed01 with id c5 bb 00 00; allocation_length 6; actual length 2"
ALLOC BIGGER THAN STRING LEN
"95BB",
"琳",
