"Found string at 0x16e2c0 with id ee 3b bf 17; allocation_length 4; actual length 4"
"88C0","8941",
"X","め",
"Found string at 0x16e2cd with id 4f 3c bf 17; allocation_length 4; actual length 4"
"88C0","88C4",
"X","b",
"Found string at 0x16e2da with id b0 3c bf 17; allocation_length 58; actual length 58"
"88DB","88AC","88DC","88DD","88BB","88C2","88C3","88C4","88ED","88C0","88C4","8942","88C0","8941","88F8","88F9","88FA","5B","88D7","88B7","88FB","88F6","5D","88D0","88B1","88F6","88FC","88C8","88B2","8940",
"y","D","z","あ","S","Z","a","b","ち","X","b","も","X","め","ふ","へ","ほ","<","u","O","ま","は",">","n","I","は","み","f","J","む",
"Found string at 0x16e3ca with id 27 7e 05 1d; allocation_length 14; actual length 14"
"88BA","88BB","88BC","88BD","88BE","88BF","88BB",
"R","S","T","U","V","W","S",
"Found string at 0x16e3e1 with id 88 7e 05 1d; allocation_length 14; actual length 14"
"88C0","88C1","88C2","88C3","88C4","88C5","88C6",
"X","Y","Z","a","b","c","d",
"Found string at 0x16e3f8 with id e9 7e 05 1d; allocation_length 10; actual length 10"
"88C7","88B9","88C8","88C9","88CA",
"e","Q","f","g","h",
"Found string at 0x16e417 with id a2 0c 82 27; allocation_length 24; actual length 24"
"88C0","88C1","88C2","88C3","88C4","88C5","88C6","5B","88D7","88B0","88B1","88B2","5D",
"X","Y","Z","a","b","c","d","<","u","H","I","J",">",
"Found string at 0x16e4af with id c8 7a 7b 30; allocation_length 10; actual length 10"
"88C7","88B9","88C8","88C9","88CA",
"e","Q","f","g","h",
"Found string at 0x16e4c2 with id 2e 25 e2 33; allocation_length 6; actual length 6"
"88B3","88B4","88B5",
"K","L","M",
"Found string at 0x16e4d1 with id 8f 25 e2 33; allocation_length 10; actual length 10"
"88C0","88C1","88C2","88C3","88C4",
"X","Y","Z","a","b",
"Found string at 0x16e4e4 with id f0 25 e2 33; allocation_length 8; actual length 8"
"88A9","88AA","88AB","88AC",
"A","B","C","D",
"Found string at 0x16e4f5 with id 51 26 e2 33; allocation_length 8; actual length 8"
"88A9","88AD","88AC","88AE",
"A","E","D","F",
"Found string at 0x16e550 with id 2d 23 78 3a; allocation_length 8; actual length 8"
"88B6","88B7","88B8","88B9",
"N","O","P","Q",
"Found string at 0x16e585 with id 86 e2 80 48; allocation_length 6; actual length 6"
"88B3","88B4","88B5",
"K","L","M",
"Found string at 0x16e594 with id e7 e2 80 48; allocation_length 10; actual length 10"
"88C0","88C1","88C2","88C3","88C4",
"X","Y","Z","a","b",
"Found string at 0x16e5a7 with id 48 e3 80 48; allocation_length 8; actual length 8"
"88A9","88AA","88AB","88AC",
"A","B","C","D",
"Found string at 0x16e5b8 with id a9 e3 80 48; allocation_length 8; actual length 8"
"88A9","88AD","88AC","88AE",
"A","E","D","F",
"Found string at 0x16e5e2 with id 79 4c d0 52; allocation_length 8; actual length 8"
"88D8","88D9","88C4","88DA",
"v","w","b","x",
"Found string at 0x16e5f3 with id da 4c d0 52; allocation_length 16; actual length 16"
"88DB","88AC","88DC","88DD","88BB","88C2","88C3","88C4",
"y","D","z","あ","S","Z","a","b",
"Found string at 0x16e60c with id 3b 4d d0 52; allocation_length 6; actual length 6"
"88DE","88DF","88A5",
"い","う","7",
"Found string at 0x16e61b with id 9c 4d d0 52; allocation_length 4; actual length 4"
"88E0","88E1",
"え","お",
"Found string at 0x16e644 with id bd 02 87 58; allocation_length 16; actual length 16"
"88A3","88A4","88A5","88A6","88A7","88A8","88A6","88A6",
"5","6","7","8","9","0","8","8",
"Found string at 0x16e669 with id ea d3 21 5d; allocation_length 8; actual length 8"
"88AF","88B0","88B1","88B2",
"G","H","I","J",
"Found string at 0x16e69c with id 79 cf e1 62; allocation_length 4; actual length 4"
"88D5","88B2",
"s","J",
"Found string at 0x16e73f with id d6 23 98 7d; allocation_length 6; actual length 6"
"88B3","88B4","88B5",
"K","L","M",
"Found string at 0x16e78f with id 49 7b cf 86; allocation_length 8; actual length 8"
"88E2","88E3","88AB","88E4",
"か","き","C","く",
"Found string at 0x16e7a0 with id aa 7b cf 86; allocation_length 8; actual length 8"
"88E5","88E6","88DD","88C0",
"け","こ","あ","X",
"Found string at 0x16e7b1 with id 0b 7c cf 86; allocation_length 22; actual length 22"
"88DA","88E4","88E7","88BB","88C1","88E8","88E8","88E9","88EA","88EB","88EC",
"x","く","さ","S","Y","し","し","す","せ","そ","た",
"Found string at 0x16e7d0 with id 6c 7c cf 86; allocation_length 70; actual length 70"
"88D8","88D9","88C4","88DA","88ED","88EE","88EF","88F0","88F1","5B","88D0","88F2","88F3","88F4","88F5","88F6","88AF","88B2","88D0","88F7","5D","88F8","88F9","88FA","5B","88D7","88B7","88FB","88F6","5D","88D0","88B1","88F6","88FC","88C8","88B2","8940",
"v","w","b","x","ち","つ","て","と","な","<","n","に","ぬ","ね","の","は","G","J","n","ひ",">","ふ","へ","ほ","<","u","O","ま","は",">","n","I","は","み","f","J","む",
"Found string at 0x16e838 with id 60 82 ac 8d; allocation_length 6; actual length 6"
"88B3","88B4","88B5",
"K","L","M",
"Found string at 0x16e879 with id c5 85 7a 94; allocation_length 14; actual length 14"
"88CB","88BB","88CC","88CD","88B3","88B4","88B5",
"i","S","j","k","K","L","M",
"Found string at 0x16e890 with id ae da c7 95; allocation_length 8; actual length 8"
"88A9","88AA","88AB","88AC",
"A","B","C","D",
"Found string at 0x16e8a1 with id 0f db c7 95; allocation_length 8; actual length 8"
"88A9","88AD","88AC","88AE",
"A","E","D","F",
"Found string at 0x16e8b2 with id 10 39 d8 95; allocation_length 8; actual length 8"
"88A9","88AD","88AC","88AE",
"A","E","D","F",
"Found string at 0x16e8e8 with id 3f 1f ea 9f; allocation_length 6; actual length 6"
"88B3","88B4","88B5",
"K","L","M",
"Found string at 0x16e8f7 with id a0 1f ea 9f; allocation_length 10; actual length 10"
"88C0","88C1","88C2","88C3","88C4",
"X","Y","Z","a","b",
"Found string at 0x16e90a with id 01 20 ea 9f; allocation_length 8; actual length 8"
"88A9","88AD","88AC","88AE",
"A","E","D","F",
"Found string at 0x16e91b with id 45 f1 ea 9f; allocation_length 6; actual length 6"
"88B2","88B2","88D6",
"J","J","t",
"Found string at 0x16e950 with id ac 96 c1 aa; allocation_length 24; actual length 24"
"88CE","88CF","88CD","88A9","88AA","88AB","88AC","88D0","88D1","88D2","88D3","88D4",
"l","m","k","A","B","C","D","n","o","p","q","r",
"Found string at 0x16e971 with id 0d 97 c1 aa; allocation_length 24; actual length 24"
"88CE","88CF","88CD","88A9","88AD","88AC","88AE","88D0","88D1","88D2","88D3","88D4",
"l","m","k","A","E","D","F","n","o","p","q","r",
"Found string at 0x16eb1e with id 7b b7 ad d7; allocation_length 8; actual length 8"
"88A9","88AA","88AB","88AC",
"A","B","C","D",
"Found string at 0x16eb2f with id 78 90 a4 da; allocation_length 8; actual length 8"
"889F","88A0","88A1","88A2",
"1","2","3","4",
"Found string at 0x16eb65 with id 9e 42 f7 e1; allocation_length 10; actual length 10"
"88C0","88C1","88C2","88C3","88C4",
"X","Y","Z","a","b",
"Found string at 0x16eb9e with id f8 68 9e ea; allocation_length 6; actual length 6"
"88A5","8943","8944",
"7","や","ゆ",
"Found string at 0x16ebad with id 59 69 9e ea; allocation_length 6; actual length 6"
"88A5","88A4","8945",
"7","6","よ",
"Found string at 0x16ebbc with id ba 69 9e ea; allocation_length 56; actual length 56"
"8946","8947","5B","8948","88B7","88F4","88F5","88B9","5D","88ED","88DB","88AB","88C4","88E5","88F8","88F9","88FA","5B","88D7","88B7","88FB","88F6","5D","88D0","88B1","88F6","88FC","88C8","88B2","8940",
"ら","り","<","る","O","ね","の","Q",">","ち","y","C","b","け","ふ","へ","ほ","<","u","O","ま","は",">","n","I","は","み","f","J","む",
