"Found string at 0xa97 with id ff bb 00 80; allocation_length 4; actual length 2"
ALLOC BIGGER THAN STRING LEN
"8C00",
"??",
"Found string at 0x37c40 with id 04 00 00 00; allocation_length 5; actual length 2"
ALLOC BIGGER THAN STRING LEN
"9500",
"??",
"Found string at 0x78341 with id ee 3b bf 17; allocation_length 4; actual length 4"
"88C8","8941",
"f","め",
"Found string at 0x7834e with id 4f 3c bf 17; allocation_length 4; actual length 4"
"88C8","88CC",
"f","j",
"Found string at 0x7835b with id b0 3c bf 17; allocation_length 58; actual length 58"
"88A4","88B5","88E1","88E2","88A3","88CA","88CB","88CC","88EF","88C8","88CC","8942","88C8","8941","88AC","88FA","88FB","5B","88DD","88C0","88B1","88F8","5D","88AF","88BA","88F8","88FC","88D0","88BB","8940",
"6","M","お","か","5","h","i","j","て","f","j","も","f","め","D","ほ","ま","<","あ","X","I","ふ",">","G","R","ふ","み","n","S","む",
"Found string at 0x783b6 with id 27 7e 05 1d; allocation_length 14; actual length 14"
"88C3","88A3","88C4","88C5","88C6","88C7","88A3",
"a","5","b","c","d","e","5",
"Found string at 0x783cd with id 88 7e 05 1d; allocation_length 14; actual length 14"
"88C8","88C9","88CA","88CB","88CC","88CD","88CE",
"f","g","h","i","j","k","l",
"Found string at 0x783e4 with id e9 7e 05 1d; allocation_length 10; actual length 10"
"88CF","88C2","88D0","88D1","88D2",
"m","Z","n","o","p",
"Found string at 0x78403 with id a2 0c 82 27; allocation_length 24; actual length 24"
"88C8","88C9","88CA","88CB","88CC","88CD","88CE","5B","88DD","88B9","88BA","88BB","5D",
"f","g","h","i","j","k","l","<","あ","Q","R","S",">",
"Found string at 0x78452 with id c8 7a 7b 30; allocation_length 10; actual length 10"
"88CF","88C2","88D0","88D1","88D2",
"m","Z","n","o","p",
"Found string at 0x78465 with id 2e 25 e2 33; allocation_length 6; actual length 6"
"88BC","88BD","88BE",
"T","U","V",
"Found string at 0x78474 with id 8f 25 e2 33; allocation_length 10; actual length 10"
"88C8","88C9","88CA","88CB","88CC",
"f","g","h","i","j",
"Found string at 0x78487 with id f0 25 e2 33; allocation_length 8; actual length 8"
"88B3","88A1","88B4","88B5",
"K","3","L","M",
"Found string at 0x78498 with id 51 26 e2 33; allocation_length 8; actual length 8"
"88B3","88B6","88B5","88B7",
"K","N","M","O",
"Found string at 0x784a9 with id 2d 23 78 3a; allocation_length 8; actual length 8"
"88BF","88C0","88C1","88C2",
"W","X","Y","Z",
"Found string at 0x784d4 with id 86 e2 80 48; allocation_length 6; actual length 6"
"88BC","88BD","88BE",
"T","U","V",
"Found string at 0x784e3 with id e7 e2 80 48; allocation_length 10; actual length 10"
"88C8","88C9","88CA","88CB","88CC",
"f","g","h","i","j",
"Found string at 0x784f6 with id 48 e3 80 48; allocation_length 8; actual length 8"
"88B3","88A1","88B4","88B5",
"K","3","L","M",
"Found string at 0x78507 with id a9 e3 80 48; allocation_length 8; actual length 8"
"88B3","88B6","88B5","88B7",
"K","N","M","O",
"Found string at 0x78518 with id 79 4c d0 52; allocation_length 8; actual length 8"
"88DE","88DF","88CC","88E0",
"い","う","j","え",
"Found string at 0x78529 with id da 4c d0 52; allocation_length 16; actual length 16"
"88A4","88B5","88E1","88E2","88A3","88CA","88CB","88CC",
"6","M","お","か","5","h","i","j",
"Found string at 0x78542 with id 3b 4d d0 52; allocation_length 6; actual length 6"
"88E3","88E4","88A7",
"き","く","9",
"Found string at 0x78551 with id 9c 4d d0 52; allocation_length 4; actual length 4"
"88E5","88E6",
"け","こ",
"Found string at 0x7856c with id bd 02 87 58; allocation_length 16; actual length 16"
"88A5","88A6","88A7","88A8","88A8","88A9","88A8","88A8",
"7","8","9","0","0","A","0","0",
"Found string at 0x78585 with id ea d3 21 5d; allocation_length 8; actual length 8"
"88B8","88B9","88BA","88BB",
"P","Q","R","S",
"Found string at 0x785ae with id 79 cf e1 62; allocation_length 4; actual length 4"
"88DB","88BB",
"y","S",
"Found string at 0x78615 with id d6 23 98 7d; allocation_length 6; actual length 6"
"88BC","88BD","88BE",
"T","U","V",
"Found string at 0x7864a with id 49 7b cf 86; allocation_length 8; actual length 8"
"88E7","88E8","88B4","88E9",
"さ","し","L","す",
"Found string at 0x7865b with id aa 7b cf 86; allocation_length 8; actual length 8"
"88EA","88EB","88E2","88C8",
"せ","そ","か","f",
"Found string at 0x7866c with id 0b 7c cf 86; allocation_length 22; actual length 22"
"88E0","88E9","88EC","88A3","88C9","88AB","88AB","88ED","88A0","88AA","88EE",
"え","す","た","5","g","C","C","ち","2","B","つ",
"Found string at 0x7868b with id 6c 7c cf 86; allocation_length 70; actual length 70"
"88DE","88DF","88CC","88E0","88EF","88F0","88F1","88F2","88F3","5B","88AF","88F4","88F5","88F6","88F7","88F8","88B8","88BB","88AF","88F9","5D","88AC","88FA","88FB","5B","88DD","88C0","88B1","88F8","5D","88AF","88BA","88F8","88FC","88D0","88BB","8940",
"い","う","j","え","て","と","な","に","ぬ","<","G","ね","の","は","ひ","ふ","P","S","G","へ",">","D","ほ","ま","<","あ","X","I","ふ",">","G","R","ふ","み","n","S","む",
"Found string at 0x786e7 with id 60 82 ac 8d; allocation_length 6; actual length 6"
"88BC","88BD","88BE",
"T","U","V",
"Found string at 0x7870a with id c5 85 7a 94; allocation_length 14; actual length 14"
"88D3","88A3","88D4","88D5","88BC","88BD","88BE",
"q","5","r","s","T","U","V",
"Found string at 0x78721 with id ae da c7 95; allocation_length 8; actual length 8"
"88B3","88A1","88B4","88B5",
"K","3","L","M",
"Found string at 0x78732 with id 0f db c7 95; allocation_length 8; actual length 8"
"88B3","88B6","88B5","88B7",
"K","N","M","O",
"Found string at 0x78743 with id 10 39 d8 95; allocation_length 8; actual length 8"
"88B3","88B6","88B5","88B7",
"K","N","M","O",
"Found string at 0x7876d with id 3f 1f ea 9f; allocation_length 6; actual length 6"
"88BC","88BD","88BE",
"T","U","V",
"Found string at 0x7877c with id a0 1f ea 9f; allocation_length 10; actual length 10"
"88C8","88C9","88CA","88CB","88CC",
"f","g","h","i","j",
"Found string at 0x7878f with id 01 20 ea 9f; allocation_length 8; actual length 8"
"88B3","88B6","88B5","88B7",
"K","N","M","O",
"Found string at 0x787a0 with id 45 f1 ea 9f; allocation_length 6; actual length 6"
"88BB","88BB","88DC",
"S","S","z",
"Found string at 0x787af with id ac 96 c1 aa; allocation_length 24; actual length 24"
"88D6","88D7","88D5","88B3","88A1","88B4","88B5","88AF","88B0","88D8","88D9","88DA",
"t","u","s","K","3","L","M","G","H","v","w","x",
"Found string at 0x787d0 with id 0d 97 c1 aa; allocation_length 24; actual length 24"
"88D6","88D7","88D5","88B3","88B6","88B5","88B7","88AF","88B0","88D8","88D9","88DA",
"t","u","s","K","N","M","O","G","H","v","w","x",
"Found string at 0x7888f with id 7b b7 ad d7; allocation_length 8; actual length 8"
"88B3","88A1","88B4","88B5",
"K","3","L","M",
"Found string at 0x788a0 with id 78 90 a4 da; allocation_length 14; actual length 14"
"889F","88A0","88A1","88A2","88A3","88A4","88A3",
"1","2","3","4","5","6","5",
"Found string at 0x788c4 with id 9e 42 f7 e1; allocation_length 10; actual length 10"
"88C8","88C9","88CA","88CB","88CC",
"f","g","h","i","j",
"Found string at 0x788d7 with id f8 68 9e ea; allocation_length 6; actual length 6"
"88A7","8943","8944",
"9","や","ゆ",
"Found string at 0x788e6 with id 59 69 9e ea; allocation_length 6; actual length 6"
"88A7","88A6","8945",
"9","8","よ",
"Found string at 0x788f5 with id ba 69 9e ea; allocation_length 56; actual length 56"
"8946","8947","5B","8948","88C0","88F6","88F7","88C2","5D","88EF","88A4","88B4","88CC","88EA","88AC","88FA","88FB","5B","88DD","88C0","88B1","88F8","5D","88AF","88BA","88F8","88FC","88D0","88BB","8940",
"ら","り","<","る","X","は","ひ","Z",">","て","6","L","j","せ","D","ほ","ま","<","あ","X","I","ふ",">","G","R","ふ","み","n","S","む",
"Found string at 0x78936 with id c2 f2 4a ee; allocation_length 20; actual length 20"
"88AA","88AB","88AC","88AD","88AE","88AF","88B0","88AF","88B1","88B2",
"B","C","D","E","F","G","H","G","I","J",
"Found string at 0x7ae11 with id 06 00 00 00; allocation_length 4; actual length 4"
"8FC1","8B8E",
"僧","技",
"Found string at 0x7ae26 with id 00 00 00 00; allocation_length 4; actual length 4"
"8FC1","8B8E",
"僧","技",
"Found string at 0x7aebf with id 06 00 00 00; allocation_length 4; actual length 4"
"8FC1","8B8E",
"僧","技",
"Found string at 0x7aed4 with id 00 00 00 00; allocation_length 4; actual length 4"
"8FC1","8B8E",
"僧","技",
"Found string at 0x7b094 with id 06 00 00 00; allocation_length 4; actual length 4"
"8FC1","8B8E",
"僧","技",
"Found string at 0x7b0a9 with id 00 00 00 00; allocation_length 4; actual length 4"
"8FC1","8B8E",
"僧","技",
"Found string at 0x7b14e with id 06 00 00 00; allocation_length 4; actual length 4"
"8FC1","8B8E",
"僧","技",
"Found string at 0x7b163 with id 00 00 00 00; allocation_length 4; actual length 4"
"8FC1","8B8E",
"僧","技",
"Found string at 0x7b208 with id 06 00 00 00; allocation_length 4; actual length 4"
"8FC1","8B8E",
"僧","技",
"Found string at 0x7b21d with id 00 00 00 00; allocation_length 4; actual length 4"
"8FC1","8B8E",
"僧","技",
"Found string at 0x7b2c2 with id 06 00 00 00; allocation_length 4; actual length 4"
"8FC1","8B8E",
"僧","技",
"Found string at 0x7b2d7 with id 00 00 00 00; allocation_length 4; actual length 4"
"8FC1","8B8E",
"僧","技",
"Found string at 0x7b37c with id 06 00 00 00; allocation_length 4; actual length 4"
"8FC1","8B8E",
"僧","技",
"Found string at 0x7b391 with id 00 00 00 00; allocation_length 4; actual length 4"
"8FC1","8B8E",
"僧","技",
"Found string at 0x7b436 with id 06 00 00 00; allocation_length 4; actual length 4"
"8FC1","8B8E",
"僧","技",
"Found string at 0x7b44b with id 00 00 00 00; allocation_length 4; actual length 4"
"8FC1","8B8E",
"僧","技",
"Found string at 0x7b4f0 with id 06 00 00 00; allocation_length 4; actual length 4"
"8FC1","8B8E",
"僧","技",
"Found string at 0x7b505 with id 00 00 00 00; allocation_length 4; actual length 4"
"8FC1","8B8E",
"僧","技",
"Found string at 0x7b5aa with id 06 00 00 00; allocation_length 4; actual length 4"
"8FC1","8B8E",
"僧","技",
"Found string at 0x7b5bf with id 00 00 00 00; allocation_length 4; actual length 4"
"8FC1","8B8E",
"僧","技",
"Found string at 0x7b73b with id 06 00 00 00; allocation_length 4; actual length 4"
"8FC1","8B8E",
"僧","技",
"Found string at 0x7b750 with id 00 00 00 00; allocation_length 4; actual length 4"
"8FC1","8B8E",
"僧","技",
