"Found string at 0x8e628 with id 16 00 00 f0; allocation_length 5; actual length 2"
ALLOC BIGGER THAN STRING LEN
"9400",
"??",
"Found string at 0x8e6a8 with id 16 00 00 e0; allocation_length 5; actual length 2"
ALLOC BIGGER THAN STRING LEN
"9400",
"??",
"Found string at 0x9d525 with id 07 00 00 00; allocation_length 2; actual length 2"
"9000",
"??",
"Found string at 0xcf1e1 with id 00 00 80 3f; allocation_length 7; actual length 3"
ALLOC BIGGER THAN STRING LEN
"9590","0A",
"éº¿","\n",
"Found string at 0xd5496 with id 29 03 00 00; allocation_length 3; actual length 2"
ALLOC BIGGER THAN STRING LEN
"8903",
"??",
"Found string at 0xd54ed with id 29 06 00 00; allocation_length 3; actual length 2"
ALLOC BIGGER THAN STRING LEN
"8906",
"??",
"Found string at 0xd552d with id 29 09 00 00; allocation_length 3; actual length 2"
ALLOC BIGGER THAN STRING LEN
"8909",
"??",
"Found string at 0xd556d with id 29 0c 00 00; allocation_length 3; actual length 2"
ALLOC BIGGER THAN STRING LEN
"890C",
"??",
"Found string at 0xd55ad with id 29 0f 00 00; allocation_length 3; actual length 2"
ALLOC BIGGER THAN STRING LEN
"890F",
"??",
"Found string at 0xd55ed with id 29 12 00 00; allocation_length 3; actual length 2"
ALLOC BIGGER THAN STRING LEN
"8912",
"??",
"Found string at 0xd562d with id 29 15 00 00; allocation_length 3; actual length 2"
ALLOC BIGGER THAN STRING LEN
"8915",
"??",
"Found string at 0xd566d with id 29 18 00 00; allocation_length 3; actual length 2"
ALLOC BIGGER THAN STRING LEN
"8918",
"??",
