"Found string at 0xf8061 with id 0e 00 00 00; allocation_length 4; actual length 2"
ALLOC BIGGER THAN STRING LEN
"9500",
"??",
"Found string at 0xf8625 with id 04 00 00 00; allocation_length 5; actual length 2"
ALLOC BIGGER THAN STRING LEN
"9002",
"??",
"Found string at 0xf8a94 with id 04 00 00 00; allocation_length 4; actual length 2"
ALLOC BIGGER THAN STRING LEN
"9400",
"??",
"Found string at 0xff1d4 with id 02 00 00 00; allocation_length 2; actual length 2"
"9200",
"??",
"Found string at 0x1021d1 with id 92 00 00 00; allocation_length 2; actual length 2"
"9300",
"??",
