"Found string at 0x2185 with id 11 f3 12 00; allocation_length 8; actual length 8"
"8ECB","8C82","8A4A","8E6E",
"??","??","印","俊",
"Found string at 0x90465 with id 0b 00 00 00; allocation_length 6; actual length 2"
ALLOC BIGGER THAN STRING LEN
"9300",
"??",
"Found string at 0x90565 with id 07 00 00 00; allocation_length 5; actual length 2"
ALLOC BIGGER THAN STRING LEN
"9200",
"??",
"Found string at 0x170a39 with id 00 00 00 00; allocation_length 6; actual length 2"
ALLOC BIGGER THAN STRING LEN
"9400",
"??",
"Found string at 0x171c3a with id 00 00 00 00; allocation_length 3; actual length 2"
ALLOC BIGGER THAN STRING LEN
"8E00",
"??",
"Found string at 0x171e3a with id 00 00 00 00; allocation_length 3; actual length 2"
ALLOC BIGGER THAN STRING LEN
"8E00",
"??",
"Found string at 0x17202a with id 00 16 06 00; allocation_length 3; actual length 2"
ALLOC BIGGER THAN STRING LEN
"8E00",
"??",
"Found string at 0x172039 with id 00 00 00 00; allocation_length 3; actual length 2"
ALLOC BIGGER THAN STRING LEN
"8E00",
"??",
"Found string at 0x172239 with id 00 00 00 00; allocation_length 3; actual length 2"
ALLOC BIGGER THAN STRING LEN
"8E00",
"??",
"Found string at 0x172c29 with id 00 00 06 16; allocation_length 3; actual length 2"
ALLOC BIGGER THAN STRING LEN
"8D00",
"??",
"Found string at 0x1732ff with id 1d 00 00 00; allocation_length 2; actual length 2"
"8F00",
"??",
