"Found string at 0xb220b with id ee 3b bf 17; allocation_length 4; actual length 4"
"88C1","8940",
"Y","む",
"Found string at 0xb2218 with id 4f 3c bf 17; allocation_length 4; actual length 4"
"88C1","88C5",
"Y","c",
"Found string at 0xb2225 with id b0 3c bf 17; allocation_length 58; actual length 58"
"889F","88AE","88DC","88DD","88A0","88C3","88C4","88C5","88EC","88C1","88C5","8941","88C1","8940","88F7","88F8","88F9","5B","88D8","88B9","88FA","88F5","5D","88D1","88B3","88F5","88FB","88C9","88B4","88FC",
"1","F","z","あ","2","a","b","c","た","Y","c","め","Y","む","ひ","ふ","へ","<","v","Q","ほ","の",">","o","K","の","ま","g","L","み",
"Found string at 0xb22b1 with id 27 7e 05 1d; allocation_length 14; actual length 14"
"88BC","88A0","88BD","88BE","88BF","88C0","88A0",
"T","2","U","V","W","X","2",
"Found string at 0xb22c8 with id 88 7e 05 1d; allocation_length 14; actual length 14"
"88C1","88C2","88C3","88C4","88C5","88C6","88C7",
"Y","Z","a","b","c","d","e",
"Found string at 0xb22df with id e9 7e 05 1d; allocation_length 10; actual length 10"
"88C8","88BB","88C9","88CA","88CB",
"f","S","g","h","i",
"Found string at 0xb2304 with id a2 0c 82 27; allocation_length 24; actual length 24"
"88C1","88C2","88C3","88C4","88C5","88C6","88C7","5B","88D8","88B2","88B3","88B4","5D",
"Y","Z","a","b","c","d","e","<","v","J","K","L",">",
"Found string at 0xb2353 with id c8 7a 7b 30; allocation_length 10; actual length 10"
"88C8","88BB","88C9","88CA","88CB",
"f","S","g","h","i",
"Found string at 0xb2366 with id 2e 25 e2 33; allocation_length 6; actual length 6"
"88B5","88B6","88B7",
"M","N","O",
"Found string at 0xb2375 with id 8f 25 e2 33; allocation_length 10; actual length 10"
"88C1","88C2","88C3","88C4","88C5",
"Y","Z","a","b","c",
"Found string at 0xb2388 with id f0 25 e2 33; allocation_length 8; actual length 8"
"88AB","88AC","88AD","88AE",
"C","D","E","F",
"Found string at 0xb2399 with id 51 26 e2 33; allocation_length 8; actual length 8"
"88AB","88AF","88AE","88B0",
"C","G","F","H",
"Found string at 0xb23aa with id 2d 23 78 3a; allocation_length 8; actual length 8"
"88B8","88B9","88BA","88BB",
"P","Q","R","S",
"Found string at 0xb2747 with id 86 e2 80 48; allocation_length 6; actual length 6"
"88B5","88B6","88B7",
"M","N","O",
"Found string at 0xb2756 with id e7 e2 80 48; allocation_length 10; actual length 10"
"88C1","88C2","88C3","88C4","88C5",
"Y","Z","a","b","c",
"Found string at 0xb2769 with id 48 e3 80 48; allocation_length 8; actual length 8"
"88AB","88AC","88AD","88AE",
"C","D","E","F",
"Found string at 0xb277a with id a9 e3 80 48; allocation_length 8; actual length 8"
"88AB","88AF","88AE","88B0",
"C","G","F","H",
"Found string at 0xb27ab with id 79 4c d0 52; allocation_length 8; actual length 8"
"88D9","88DA","88C5","88DB",
"w","x","c","y",
"Found string at 0xb27bc with id da 4c d0 52; allocation_length 16; actual length 16"
"889F","88AE","88DC","88DD","88A0","88C3","88C4","88C5",
"1","F","z","あ","2","a","b","c",
"Found string at 0xb27d5 with id 3b 4d d0 52; allocation_length 6; actual length 6"
"88DE","88DF","88E0",
"い","う","え",
"Found string at 0xb27e4 with id 9c 4d d0 52; allocation_length 4; actual length 4"
"88E1","88E2",
"お","か",
"Found string at 0xb280b with id bd 02 87 58; allocation_length 12; actual length 12"
"88A8","88A9","88A9","88AA","88A9","88A9",
"0","A","A","B","A","A",
"Found string at 0xb282d with id ea d3 21 5d; allocation_length 8; actual length 8"
"88B1","88B2","88B3","88B4",
"I","J","K","L",
"Found string at 0xb2855 with id 79 cf e1 62; allocation_length 4; actual length 4"
"88D6","88B4",
"t","L",
"Found string at 0xb28da with id d6 23 98 7d; allocation_length 6; actual length 6"
"88B5","88B6","88B7",
"M","N","O",
"Found string at 0xb2925 with id 49 7b cf 86; allocation_length 8; actual length 8"
"88E3","88E4","88AD","88A3",
"き","く","E","5",
"Found string at 0xb2936 with id aa 7b cf 86; allocation_length 8; actual length 8"
"88A4","88E5","88DD","88C1",
"6","け","あ","Y",
"Found string at 0xb2947 with id 0b 7c cf 86; allocation_length 22; actual length 22"
"88DB","88A3","88E6","88A0","88C2","88E7","88E7","88E8","88E9","88EA","88EB",
"y","5","こ","2","Z","さ","さ","し","す","せ","そ",
"Found string at 0xb2966 with id 6c 7c cf 86; allocation_length 70; actual length 70"
"88D9","88DA","88C5","88DB","88EC","88ED","88EE","88EF","88F0","5B","88D1","88F1","88F2","88F3","88F4","88F5","88B1","88B4","88D1","88F6","5D","88F7","88F8","88F9","5B","88D8","88B9","88FA","88F5","5D","88D1","88B3","88F5","88FB","88C9","88B4","88FC",
"w","x","c","y","た","ち","つ","て","と","<","o","な","に","ぬ","ね","の","I","L","o","は",">","ひ","ふ","へ","<","v","Q","ほ","の",">","o","K","の","ま","g","L","み",
"Found string at 0xb29ce with id 60 82 ac 8d; allocation_length 6; actual length 6"
"88B5","88B6","88B7",
"M","N","O",
"Found string at 0xb2a13 with id c5 85 7a 94; allocation_length 14; actual length 14"
"88CC","88A0","88CD","88CE","88B5","88B6","88B7",
"j","2","k","l","M","N","O",
"Found string at 0xb2a2a with id ae da c7 95; allocation_length 8; actual length 8"
"88AB","88AC","88AD","88AE",
"C","D","E","F",
"Found string at 0xb2a3b with id 0f db c7 95; allocation_length 8; actual length 8"
"88AB","88AF","88AE","88B0",
"C","G","F","H",
"Found string at 0xb2a4c with id 10 39 d8 95; allocation_length 8; actual length 8"
"88AB","88AF","88AE","88B0",
"C","G","F","H",
"Found string at 0xb2aa0 with id 3f 1f ea 9f; allocation_length 6; actual length 6"
"88B5","88B6","88B7",
"M","N","O",
"Found string at 0xb2aaf with id a0 1f ea 9f; allocation_length 10; actual length 10"
"88C1","88C2","88C3","88C4","88C5",
"Y","Z","a","b","c",
"Found string at 0xb2ac2 with id 01 20 ea 9f; allocation_length 8; actual length 8"
"88AB","88AF","88AE","88B0",
"C","G","F","H",
"Found string at 0xb2ad3 with id 45 f1 ea 9f; allocation_length 6; actual length 6"
"88B4","88B4","88D7",
"L","L","u",
"Found string at 0xb2af8 with id ac 96 c1 aa; allocation_length 24; actual length 24"
"88CF","88D0","88CE","88AB","88AC","88AD","88AE","88D1","88D2","88D3","88D4","88D5",
"m","n","l","C","D","E","F","o","p","q","r","s",
"Found string at 0xb2b19 with id 0d 97 c1 aa; allocation_length 24; actual length 24"
"88CF","88D0","88CE","88AB","88AF","88AE","88B0","88D1","88D2","88D3","88D4","88D5",
"m","n","l","C","G","F","H","o","p","q","r","s",
"Found string at 0xb2c49 with id 7b b7 ad d7; allocation_length 8; actual length 8"
"88AB","88AC","88AD","88AE",
"C","D","E","F",
"Found string at 0xb2c7e with id 78 90 a4 da; allocation_length 22; actual length 22"
"889F","88A0","88A1","88A2","88A3","88A4","88A5","88A0","88A4","88A6","88A7",
"1","2","3","4","5","6","7","2","6","8","9",
"Found string at 0xb2cc0 with id 9e 42 f7 e1; allocation_length 10; actual length 10"
"88C1","88C2","88C3","88C4","88C5",
"Y","Z","a","b","c",
"Found string at 0xb2cd3 with id f8 68 9e ea; allocation_length 6; actual length 6"
"88E0","8942","8943",
"え","も","や",
"Found string at 0xb2ce2 with id 59 69 9e ea; allocation_length 6; actual length 6"
"88E0","8944","8945",
"え","ゆ","よ",
"Found string at 0xb2cf1 with id ba 69 9e ea; allocation_length 56; actual length 56"
"8946","8947","5B","8948","88B9","88F3","88F4","88BB","5D","88EC","889F","88AD","88C5","88A4","88F7","88F8","88F9","5B","88D8","88B9","88FA","88F5","5D","88D1","88B3","88F5","88FB","88C9","88B4","88FC",
"ら","り","<","る","Q","ぬ","ね","S",">","た","1","E","c","6","ひ","ふ","へ","<","v","Q","ほ","の",">","o","K","の","ま","g","L","み",
