"Found string at 0x26b457 with id 01 00 00 00; allocation_length 12; actual length 12"
"889F","88A0","88A1","88A2","88A3","889F",
"1","2","3","4","5","1",
"Found string at 0x26b47c with id 01 00 00 00; allocation_length 12; actual length 12"
"88A4","88A5","88A6","88A7","88A8","88A9",
"6","7","8","9","0","A",
"Found string at 0x26b495 with id 02 00 00 00; allocation_length 18; actual length 18"
"88AA","88AB","88A6","88AC","88A1","88A9","88AD","88AE","88AF",
"B","C","8","D","3","A","E","F","G",
"Found string at 0x26b4b4 with id 00 00 00 00; allocation_length 10; actual length 10"
"88B0","88B1","88B2","88B3","88B4",
"H","I","J","K","L",
"Found string at 0x26b4cb with id 00 00 00 00; allocation_length 10; actual length 10"
"88B5","88B6","88B2","88B7","88B8",
"M","N","J","O","P",
"Found string at 0x26b4ee with id 02 00 00 00; allocation_length 30; actual length 30"
"88A0","88B9","88A9","88BA","88BB","88BC","88BD","88BE","88BF","88C0","88A1","88C1","88C2","88C3","88C4",
"2","Q","A","R","S","T","U","V","W","X","3","Y","Z","a","b",
"Found string at 0x26b519 with id 00 00 00 00; allocation_length 10; actual length 10"
"88C5","88C6","88B2","88C7","88C8",
"c","d","J","e","f",
"Found string at 0x26b53c with id 02 00 00 00; allocation_length 14; actual length 14"
"88C9","88BE","88BA","88CA","88A7","88CB","88CC",
"g","V","R","h","9","i","j",
"Found string at 0x26b557 with id 00 00 00 00; allocation_length 10; actual length 10"
"88CD","88CE","88B2","88CF","88D0",
"k","l","J","m","n",
"Found string at 0x26b57a with id 02 00 00 00; allocation_length 36; actual length 36"
"88D1","88A0","88BD","88D2","88D3","88A6","88BD","88BF","88C1","88B9","88C2","88BD","88D1","88A9","88A8","88A0","88BB","88D4",
"o","2","U","p","q","8","U","W","Y","Q","Z","U","o","A","0","2","S","r",
"Found string at 0x26b5ab with id 02 00 00 00; allocation_length 22; actual length 22"
"88D5","88D6","88D7","88D7","88D8","88D9","88DA","88C0","88DB","88DC","88DD",
"s","t","u","u","v","w","x","X","y","z","あ",
"Found string at 0x26b5ce with id 00 00 00 00; allocation_length 10; actual length 10"
"88DE","88DF","88E0","88B2","88E1",
"い","う","え","J","お",
"Found string at 0x26b5f1 with id 02 00 00 00; allocation_length 8; actual length 8"
"88D3","88E2","88E3","88A9",
"q","か","き","A",
"Found string at 0x26b606 with id 00 00 00 00; allocation_length 12; actual length 12"
"88E4","88CE","88B2","88E5","88A7","88E6",
"く","l","J","け","9","こ",
"Found string at 0x26b61f with id 00 00 00 00; allocation_length 10; actual length 10"
"88E7","88E8","88B2","88E9","88EA",
"さ","し","J","す","せ",
"Found string at 0x26b636 with id 00 00 00 00; allocation_length 10; actual length 10"
"88B5","88B6","88B2","88B7","88B8",
"M","N","J","O","P",
"Found string at 0x26b659 with id 02 00 00 00; allocation_length 8; actual length 8"
"88DA","88EB","88A7","88EC",
"x","そ","9","た",
"Found string at 0x26b66e with id 00 00 00 00; allocation_length 10; actual length 10"
"88E7","88E8","88B2","88E9","88EA",
"さ","し","J","す","せ",
"Found string at 0x26b691 with id 02 00 00 00; allocation_length 36; actual length 36"
"88ED","88EE","88EF","88A9","88BD","88DA","88C0","88F0","88A2","88AC","88BD","88F1","88A2","88F2","88E3","88AD","88AE","88AF",
"ち","つ","て","A","U","x","X","と","4","D","U","な","4","に","き","E","F","G",
"Found string at 0x26b6c2 with id 00 00 00 00; allocation_length 10; actual length 10"
"88F3","88C5","88B2","88F4","88F5",
"ぬ","c","J","ね","の",
"Found string at 0x26b6e5 with id 02 00 00 00; allocation_length 18; actual length 18"
"88ED","88EE","88EF","88A9","88F6","88F7","88BD","88F8","88F9",
"ち","つ","て","A","は","ひ","U","ふ","へ",
"Found string at 0x26b704 with id 00 00 00 00; allocation_length 8; actual length 8"
"88FA","88E8","88B2","88FB",
"ほ","し","J","ま",
"Found string at 0x26b719 with id 00 00 00 00; allocation_length 8; actual length 8"
"88E8","88FC","88B2","8940",
"し","み","J","む",
"Found string at 0x26b73a with id 01 00 00 00; allocation_length 12; actual length 12"
"88A4","88C3","8941","88C1","88A8","88A9",
"6","a","め","Y","0","A",
"Found string at 0x26b753 with id 02 00 00 00; allocation_length 18; actual length 18"
"88BF","88A9","88DC","88C3","8942","8943","88AC","88A1","88A9",
"W","A","z","a","も","や","D","3","A",
"Found string at 0x26b772 with id 00 00 00 00; allocation_length 10; actual length 10"
"8944","88CE","88B2","8945","8946",
"ゆ","l","J","よ","ら",
"Found string at 0x26b795 with id 02 00 00 00; allocation_length 20; actual length 20"
"88AA","88AB","88A6","88AC","88A1","88A9","88C3","8941","88C1","88A7",
"B","C","8","D","3","A","a","め","Y","9",
"Found string at 0x26b7b6 with id 00 00 00 00; allocation_length 10; actual length 10"
"8947","8948","88B2","8949","88E6",
"り","る","J","れ","こ",
"Found string at 0x26b7d9 with id 02 00 00 00; allocation_length 12; actual length 12"
"88D3","88D2","88C3","8941","88C1","88A7",
"q","p","a","め","Y","9",
"Found string at 0x26b7f2 with id 00 00 00 00; allocation_length 10; actual length 10"
"88DE","88E8","88B2","894A","894B",
"い","し","J","ろ","わ",
"Found string at 0x26b809 with id 00 00 00 00; allocation_length 12; actual length 12"
"88E4","88CE","88B2","88E5","88A7","88E6",
"く","l","J","け","9","こ",
"Found string at 0x26b82e with id 02 00 00 00; allocation_length 18; actual length 18"
"88C4","88A7","88A0","88A1","88A9","88C3","8941","88C1","88A7",
"b","9","2","3","A","a","め","Y","9",
"Found string at 0x26b84d with id 00 00 00 00; allocation_length 10; actual length 10"
"88DE","88E8","88B2","894A","894B",
"い","し","J","ろ","わ",
"Found string at 0x26b870 with id 02 00 00 00; allocation_length 12; actual length 12"
"894C","894D","88C3","8941","88C1","88A7",
"を","ん","a","め","Y","9",
"Found string at 0x26b889 with id 00 00 00 00; allocation_length 12; actual length 12"
"88E4","88CE","88B2","88E5","88A7","88E6",
"く","l","J","け","9","こ",
"Found string at 0x26b8ae with id 02 00 00 00; allocation_length 30; actual length 30"
"894E","88F2","88AB","88D3","88D2","88BD","88D1","88A9","88A8","88A0","88D3","88D2","88C4","88C3","88C0",
"ー","に","C","q","p","U","o","A","0","2","q","p","b","a","X",
"Found string at 0x26b8d9 with id 00 00 00 00; allocation_length 12; actual length 12"
"894F","8950","8951","88B2","8952","8953",
"、","。","ぁ","J","ぃ","ぅ",
"Found string at 0x26b8f2 with id 00 00 00 00; allocation_length 12; actual length 12"
"8954","8955","88B2","8956","894B","8957",
"ぇ","ぉ","J","が","わ","ぎ",
"Found string at 0x26b90b with id 00 00 00 00; allocation_length 10; actual length 10"
"8958","8948","88B2","8959","895A",
"ぐ","る","J","げ","ご",
"Found string at 0x26b92e with id 02 00 00 00; allocation_length 14; actual length 14"
"88BF","88E2","88D3","88A9","88E5","88CA","88A7",
"W","か","q","A","け","h","9",
"Found string at 0x26b949 with id 00 00 00 00; allocation_length 12; actual length 12"
"895B","895C","88B2","895D","895E","895F",
"ざ","じ","J","ず","ぜ","ぞ",
"Found string at 0x26b962 with id 00 00 00 00; allocation_length 10; actual length 10"
"8960","8961","88B2","8949","88E6",
"だ","ぢ","J","れ","こ",
"Found string at 0x26b979 with id 00 00 00 00; allocation_length 12; actual length 12"
"8954","8955","88B2","8956","894B","8957",
"ぇ","ぉ","J","が","わ","ぎ",
"Found string at 0x26b992 with id 00 00 00 00; allocation_length 8; actual length 8"
"8962","88B2","8963","8953",
"づ","J","で","ぅ",
"Found string at 0x26b9a7 with id 00 00 00 00; allocation_length 10; actual length 10"
"88E4","8947","88B2","8964","8965",
"く","り","J","ど","っ",
"Found string at 0x26b9be with id 00 00 00 00; allocation_length 10; actual length 10"
"88C5","8966","88B2","8967","88B4",
"c","ば","J","び","L",
"Found string at 0x26b9e1 with id 02 00 00 00; allocation_length 8; actual length 8"
"88A0","88B9","88A9","88BA",
"2","Q","A","R",
"Found string at 0x26b9f6 with id 00 00 00 00; allocation_length 10; actual length 10"
"8968","8969","88B2","896A","896B",
"ぶ","べ","J","ぼ","ぱ",
"Found string at 0x26ba0d with id 00 00 00 00; allocation_length 10; actual length 10"
"896C","88CE","88B2","896D","894B",
"ぴ","l","J","ぷ","わ",
"Found string at 0x26ba24 with id 00 00 00 00; allocation_length 10; actual length 10"
"88B6","896E","88B2","896F","894A",
"N","ぺ","J","ぽ","ろ",
"Found string at 0x26ba3b with id 00 00 00 00; allocation_length 18; actual length 18"
"8970","896E","8971","8972","8973","8974","8975","8976","8950",
"ゃ","ぺ","ゅ","ょ","ゎ"," ","ァ","ア","。",
"Found string at 0x26ba5a with id 00 00 00 00; allocation_length 10; actual length 10"
"8977","896E","88B2","8978","8979",
"ィ","ぺ","J","イ","ゥ",
"Found string at 0x26ba71 with id 00 00 00 00; allocation_length 10; actual length 10"
"897A","897B","88B2","88C8","897C",
"ウ","ェ","J","f","エ",
"Found string at 0x26ba88 with id 00 00 00 00; allocation_length 12; actual length 12"
"88DE","897D","88B2","897E","8980","8981",
"い","ォ","J","オ","カ","ガ",
"Found string at 0x26baa1 with id 00 00 00 00; allocation_length 8; actual length 8"
"8982","8983","88B2","8984",
"キ","ギ","J","ク",
"Found string at 0x26bab6 with id 00 00 00 00; allocation_length 8; actual length 8"
"8985","896E","88B2","8986",
"グ","ぺ","J","ケ",
"Found string at 0x26bad7 with id 02 00 00 00; allocation_length 22; actual length 22"
"88D1","88A0","88C4","88C3","88C0","88BD","88C4","88A9","88E5","88CA","88A7",
"o","2","b","a","X","U","b","A","け","h","9",
"Found string at 0x26bafa with id 00 00 00 00; allocation_length 10; actual length 10"
"8958","8948","88B2","8959","895A",
"ぐ","る","J","げ","ご",
"Found string at 0x26bb1d with id 02 00 00 00; allocation_length 10; actual length 10"
"88ED","88A3","8987","88AC","88DC",
"ち","5","ゲ","D","z",
"Found string at 0x26bb34 with id 00 00 00 00; allocation_length 10; actual length 10"
"88B6","896E","88B2","8988","8989",
"N","ぺ","J","コ","ゴ",
"Found string at 0x26bb4b with id 00 00 00 00; allocation_length 10; actual length 10"
"8977","896E","88B2","8978","8979",
"ィ","ぺ","J","イ","ゥ",
"Found string at 0x26bb6e with id 02 00 00 00; allocation_length 16; actual length 16"
"88BF","88C1","88B9","88C2","88C3","8941","88C1","88A7",
"W","Y","Q","Z","a","め","Y","9",
"Found string at 0x26bb8b with id 00 00 00 00; allocation_length 10; actual length 10"
"898A","898B","88B2","898C","898D",
"サ","ザ","J","シ","ジ",
"Found string at 0x26bbae with id 02 00 00 00; allocation_length 8; actual length 8"
"88C2","88A9","898E","88A9",
"Z","A","ス","A",
"Found string at 0x26bbc3 with id 00 00 00 00; allocation_length 10; actual length 10"
"898F","88B2","8990","8991","8957",
"ズ","J","セ","ゼ","ぎ",
"Found string at 0x26bbda with id 00 00 00 00; allocation_length 10; actual length 10"
"8992","8947","88B2","88E9","8993",
"ソ","り","J","す","ゾ",
"Found string at 0x26bbfd with id 01 00 00 00; allocation_length 14; actual length 14"
"88A4","88A5","88DD","8994","88A6","8995","88A9",
"6","7","あ","タ","8","ダ","A",
"Found string at 0x26bc18 with id 02 00 00 00; allocation_length 18; actual length 18"
"88D3","88C1","88A7","88A5","88DD","8994","88A6","8995","88A9",
"q","Y","9","7","あ","タ","8","ダ","A",
"Found string at 0x26bc37 with id 00 00 00 00; allocation_length 10; actual length 10"
"8968","8969","88B2","8992","88B4",
"ぶ","べ","J","ソ","L",
"Found string at 0x26bc5a with id 02 00 00 00; allocation_length 12; actual length 12"
"88AA","88AB","88A6","88AC","88A1","88A9",
"B","C","8","D","3","A",
"Found string at 0x26bc73 with id 00 00 00 00; allocation_length 10; actual length 10"
"8966","8996","88B2","8997","8998",
"ば","チ","J","ヂ","ッ",
"Found string at 0x26bc96 with id 02 00 00 00; allocation_length 6; actual length 6"
"88D2","88D3","88A6",
"p","q","8",
"Found string at 0x26bca9 with id 00 00 00 00; allocation_length 10; actual length 10"
"8999","88C5","88B2","899A","899B",
"ツ","c","J","ヅ","テ",
"Found string at 0x26bccc with id 02 00 00 00; allocation_length 24; actual length 24"
"88D1","88A0","88BD","88ED","88EE","88EF","88A9","88BD","88A0","88B9","88A9","88BA",
"o","2","U","ち","つ","て","A","U","2","Q","A","R",
"Found string at 0x26bcf1 with id 00 00 00 00; allocation_length 10; actual length 10"
"899C","899D","88B2","899E","899F",
"デ","ト","J","ド","ナ",
"Found string at 0x26bd14 with id 02 00 00 00; allocation_length 20; actual length 20"
"88D6","894D","89A0","89A1","88BD","88A0","88AC","88BE","88A5","88DC",
"t","ん","ニ","ヌ","U","2","D","V","7","z",
"Found string at 0x26bd35 with id 00 00 00 00; allocation_length 10; actual length 10"
"89A2","8996","88B2","89A3","897C",
"ネ","チ","J","ノ","エ",
"Found string at 0x26bd58 with id 02 00 00 00; allocation_length 8; actual length 8"
"88D3","88E2","88E3","88A9",
"q","か","き","A",
"Found string at 0x26bd6d with id 00 00 00 00; allocation_length 10; actual length 10"
"89A4","89A5","88B2","8967","89A6",
"ハ","バ","J","び","パ",
"Found string at 0x26bd90 with id 02 00 00 00; allocation_length 14; actual length 14"
"89A7","88A9","88C0","88DA","89A8","88A9","88DC",
"ヒ","A","X","x","ビ","A","z",
"Found string at 0x26bdab with id 00 00 00 00; allocation_length 10; actual length 10"
"89A9","88CD","88B2","89AA","89AB",
"ピ","k","J","フ","ブ",
"Found string at 0x26bdce with id 02 00 00 00; allocation_length 12; actual length 12"
"89AC","89AD","88DA","89A8","88A9","88DC",
"プ","ヘ","x","ビ","A","z",
"Found string at 0x26bde7 with id 00 00 00 00; allocation_length 14; actual length 14"
"89AE","88AD","89AF","89B0","88B2","89B1","89B2",
"ベ","E","ペ","ホ","J","ボ","ポ",
"Found string at 0x26be0e with id 02 00 00 00; allocation_length 24; actual length 24"
"88B9","88AC","88E2","88D2","88C0","88C3","8942","8943","88AC","88E5","88CA","88A7",
"Q","D","か","p","X","a","も","や","D","け","h","9",
"Found string at 0x26be33 with id 00 00 00 00; allocation_length 10; actual length 10"
"89B3","88C5","88B2","89B4","897C",
"マ","c","J","ミ","エ",
"Found string at 0x26be56 with id 01 00 00 00; allocation_length 10; actual length 10"
"88A4","88DA","88EB","88A7","88EC",
"6","x","そ","9","た",
"Found string at 0x26be6d with id 02 00 00 00; allocation_length 20; actual length 20"
"88DA","88EB","88A7","88EC","88C3","8942","8943","88AC","88A1","88A9",
"x","そ","9","た","a","も","や","D","3","A",
"Found string at 0x26be8e with id 00 00 00 00; allocation_length 10; actual length 10"
"89B5","896E","88B2","89B6","88B8",
"ム","ぺ","J","メ","P",
"Found string at 0x26beb1 with id 02 00 00 00; allocation_length 16; actual length 16"
"88DA","88EB","88A7","88EC","88C3","8941","88C1","88A7",
"x","そ","9","た","a","め","Y","9",
"Found string at 0x26bece with id 00 00 00 00; allocation_length 10; actual length 10"
"89B5","896E","88B2","89B6","88B8",
"ム","ぺ","J","メ","P",
"Found string at 0x26bee5 with id 00 00 00 00; allocation_length 10; actual length 10"
"89B7","88C5","88B2","89B8","89B9",
"モ","c","J","ャ","ヤ",
"Found string at 0x26befc with id 00 00 00 00; allocation_length 12; actual length 12"
"8966","89BA","88B2","896D","894A","8957",
"ば","ュ","J","ぷ","ろ","ぎ",
"Found string at 0x26bf21 with id 02 00 00 00; allocation_length 12; actual length 12"
"88C2","88A9","898E","88A9","89BB","88D6",
"Z","A","ス","A","ユ","t",
"Found string at 0x26bf3a with id 00 00 00 00; allocation_length 10; actual length 10"
"89BC","8947","88B2","89BD","89AB",
"ョ","り","J","ヨ","ブ",
"Found string at 0x26bf51 with id 00 00 00 00; allocation_length 10; actual length 10"
"89B5","896E","88B2","89B6","88B8",
"ム","ぺ","J","メ","P",
"Found string at 0x26bf68 with id 00 00 00 00; allocation_length 10; actual length 10"
"8955","89A5","88B2","89BE","8991",
"ぉ","バ","J","ラ","ゼ",
"Found string at 0x26bf8b with id 01 00 00 00; allocation_length 16; actual length 16"
"889F","88D1","88C1","88A0","88AA","88AB","88A0","88DC",
"1","o","Y","2","B","C","2","z",
"Found string at 0x26bfa8 with id 02 00 00 00; allocation_length 6; actual length 6"
"88D2","89BF","88C0",
"p","リ","X",
"Found string at 0x26bfbb with id 00 00 00 00; allocation_length 12; actual length 12"
"89C0","88CE","88B2","89C1","89C2","8981",
"ル","l","J","レ","ロ","ガ",
"Found string at 0x26bfe0 with id 02 00 00 00; allocation_length 6; actual length 6"
"89C3","88D2","89C4",
"ヮ","p","ワ",
"Found string at 0x26bff3 with id 00 00 00 00; allocation_length 12; actual length 12"
"89C5","89C6","89C7","88B2","89C8","89C9",
"ヲ","ン","ヴ","J","ヵ","ヶ",
"Found string at 0x26c018 with id 02 00 00 00; allocation_length 6; actual length 6"
"88A8","89A7","88EF",
"0","ヒ","て",
"Found string at 0x26c02b with id 00 00 00 00; allocation_length 12; actual length 12"
"88E8","8961","88B2","895E","89CA","8981",
"し","ぢ","J","ぜ","○","ガ",
"Found string at 0x26c050 with id 02 00 00 00; allocation_length 6; actual length 6"
"89C3","88C0","88D2",
"ヮ","X","p",
"Found string at 0x26c063 with id 00 00 00 00; allocation_length 10; actual length 10"
"89CB","88B1","88B2","89CC","89CD",
"Χ","I","J","□","△",
"Found string at 0x26c086 with id 02 00 00 00; allocation_length 6; actual length 6"
"88F2","88AB","88C0",
"に","C","X",
"Found string at 0x26c099 with id 00 00 00 00; allocation_length 12; actual length 12"
"88E8","8961","88B2","895E","89CA","8981",
"し","ぢ","J","ぜ","○","ガ",
"Found string at 0x26c0be with id 02 00 00 00; allocation_length 6; actual length 6"
"89CE","88DD","88AA",
"!","あ","B",
"Found string at 0x26c0d1 with id 00 00 00 00; allocation_length 10; actual length 10"
"89CF","89D0","88B2","894B","89CD",
"?","(","J","わ","△",
"Found string at 0x26c0f4 with id 02 00 00 00; allocation_length 10; actual length 10"
"88A0","89D1","88AC","88A1","88A9",
"2",")","D","3","A",
"Found string at 0x26c10b with id 00 00 00 00; allocation_length 10; actual length 10"
"88C6","88CE","88B2","88E9","89D2",
"d","l","J","す","*",
"Found string at 0x26c12e with id 02 00 00 00; allocation_length 20; actual length 20"
"89D3","895C","89D4","88BD","89D5","89A8","88DC","88DD","88A7","89D6",
"+","じ","-","U","&","ビ","z","あ","9","@",
"Found string at 0x26c14f with id 00 00 00 00; allocation_length 8; actual length 8"
"89D7","88B2","88B0","89D8",
"⋅","J","H",".",
"Found string at 0x26c170 with id 02 00 00 00; allocation_length 12; actual length 12"
"88BE","88A7","8994","88C9","88A9","88C0",
"V","9","タ","g","A","X",
"Found string at 0x26c189 with id 00 00 00 00; allocation_length 14; actual length 14"
"8943","88E2","88A9","89D9","89C3","88A9","88DC",
"や","か","A",":","ヮ","A","z",
"Found string at 0x26c1b0 with id 02 00 00 00; allocation_length 10; actual length 10"
"89DA","89DB","89DC","89DC","898A",
"^","_","ω","ω","サ",
"Found string at 0x26c1c7 with id 00 00 00 00; allocation_length 10; actual length 10"
"89DD","89DE","88B2","8952","897C",
"Д","∀","J","ぃ","エ",
"Found string at 0x26c1ea with id 02 00 00 00; allocation_length 14; actual length 14"
"89DF","89E0","88BE","89A8","88A9","88A1","88A9",
"⊃","♂","V","ビ","A","3","A",
"Found string at 0x26c205 with id 00 00 00 00; allocation_length 10; actual length 10"
"89DD","89DE","88B2","8952","897C",
"Д","∀","J","ぃ","エ",
"Found string at 0x26c228 with id 02 00 00 00; allocation_length 22; actual length 22"
"88EF","88A2","88E5","88CA","88A7","89E1","88BF","88A8","88EB","88A7","88A0",
"て","4","け","h","9","♀","W","0","そ","9","2",
"Found string at 0x26c24b with id 00 00 00 00; allocation_length 12; actual length 12"
"88E8","8961","88B2","895E","89CA","8981",
"し","ぢ","J","ぜ","○","ガ",
"Found string at 0x26c270 with id 02 00 00 00; allocation_length 14; actual length 14"
"88EB","88A2","88AA","88A9","8943","88A2","88EC",
"そ","4","B","A","や","4","た",
"Found string at 0x26c28b with id 00 00 00 00; allocation_length 10; actual length 10"
"898B","89E2","88B2","88B0","896B",
"ザ","♪","J","H","ぱ",
"Found string at 0x26c2ae with id 02 00 00 00; allocation_length 14; actual length 14"
"88EB","88A2","88AA","88A9","89D5","88A7","88AC",
"そ","4","B","A","&","9","D",
"Found string at 0x26c2c9 with id 00 00 00 00; allocation_length 12; actual length 12"
"88E4","89E3","88B2","898D","89E4","89E5",
"く","〜","J","ジ","➝","亜",
"Found string at 0x26c2ee with id 02 00 00 00; allocation_length 32; actual length 32"
"88D1","88C1","88A0","88A5","88DD","89E6","88AC","88E5","88CA","88A7","8995","88EE","88A9","88BA","88AB","88A9",
"o","Y","2","7","あ","哀","D","け","h","9","ダ","つ","A","R","C","A",
"Found string at 0x26c31b with id 00 00 00 00; allocation_length 22; actual length 22"
"88B0","89E7","88B2","89E8","88E6","89E9","89EA","89EB","89EC","89ED","89EE",
"H","愛","J","悪","こ","握","圧","安","暗","案","以",
"Found string at 0x26c33e with id 00 00 00 00; allocation_length 24; actual length 24"
"88DE","89EF","88B2","89C7","89F0","8981","89E9","89EA","89EB","89EC","89ED","89EE",
"い","位","J","ヴ","依","ガ","握","圧","安","暗","案","以",
"Found string at 0x26c36f with id 02 00 00 00; allocation_length 32; actual length 32"
"88D1","88C1","88A0","8943","88C9","88A9","88C3","8942","88A7","8994","88C3","8942","8943","88AC","88A1","88A9",
"o","Y","2","や","g","A","a","も","9","タ","a","も","や","D","3","A",
"Found string at 0x26c39c with id 00 00 00 00; allocation_length 20; actual length 20"
"89F1","88B6","88B2","89A6","89E9","89EA","89EB","89EC","89ED","89EE",
"偉","N","J","パ","握","圧","安","暗","案","以",
"Found string at 0x26c3c9 with id 02 00 00 00; allocation_length 30; actual length 30"
"88D1","88C1","88A0","8943","88C9","88A9","88C3","8942","88A7","8994","88ED","88A7","88BA","88E2","88BF",
"o","Y","2","や","g","A","a","も","9","タ","ち","9","R","か","W",
"Found string at 0x26c3f4 with id 00 00 00 00; allocation_length 10; actual length 10"
"89B5","896E","88B2","89B6","88B8",
"ム","ぺ","J","メ","P",
"Found string at 0x26c417 with id 02 00 00 00; allocation_length 22; actual length 22"
"88EF","88E3","88A9","88BA","88A2","88AC","88C9","88A7","89A8","88A9","89F2",
"て","き","A","R","4","D","g","9","ビ","A","医",
"Found string at 0x26c43a with id 00 00 00 00; allocation_length 10; actual length 10"
"8944","88C5","88B2","89F3","894B",
"ゆ","c","J","囲","わ",
"Found string at 0x26c45d with id 02 00 00 00; allocation_length 28; actual length 28"
"88EF","88E3","88A9","88BA","88A2","88AC","88A0","88A9","89F4","88A9","89F5","88C1","8941","88A9",
"て","き","A","R","4","D","2","A","委","A","威","Y","め","A",
"Found string at 0x26c486 with id 00 00 00 00; allocation_length 48; actual length 48"
"89F6","89F7","88B2","89AA","89F8","89E9","89F9","88E2","88A9","89D9","88EF","88E3","88A9","88BA","88A2","88AC","89F4","88F0","88BE","88A2","88E5","88A7","8994","89EE",
"尉","意","J","フ","慰","握","胃","か","A",":","て","き","A","R","4","D","委","と","V","4","け","9","タ","以",
"Found string at 0x26c4c3 with id 00 00 00 00; allocation_length 24; actual length 24"
"88E4","88C5","88B2","8979","899F","89E9","88E2","88E3","88A9","88D2","88C2","89EE",
"く","c","J","ゥ","ナ","握","か","き","A","p","Z","以",
"Found string at 0x26c4f4 with id 02 00 00 00; allocation_length 8; actual length 8"
"88D1","88A9","88D2","88C0",
"o","A","p","X",
"Found string at 0x26c509 with id 00 00 00 00; allocation_length 10; actual length 10"
"89B5","89FA","88B2","899F","8981",
"ム","為","J","ナ","ガ",
"Found string at 0x26c52c with id 02 00 00 00; allocation_length 22; actual length 22"
"8943","88C9","88A9","88C3","8942","88A7","8994","88A0","88A1","88BA","89FB",
"や","g","A","a","も","9","タ","2","3","R","異",
"Found string at 0x26c54f with id 00 00 00 00; allocation_length 40; actual length 40"
"89FC","8A40","89BB","88B2","8A41","8A42","8A43","8A44","8A45","8A46","8973","8A47","8A48","88B2","8A49","8A4A","8A4B","8A46","8973","8A44",
"移","維","ユ","J","緯","衣","違","遺","域","育","ゎ","一","壱","J","逸","印","員","育","ゎ","遺",
"Found string at 0x26c590 with id 02 00 00 00; allocation_length 24; actual length 24"
"8943","88C9","88A9","88C3","8942","88A7","8994","88ED","88A7","88BA","88E2","88BF",
"や","g","A","a","も","9","タ","ち","9","R","か","W",
"Found string at 0x26c5b5 with id 00 00 00 00; allocation_length 10; actual length 10"
"8A4C","88FC","88B2","89BD","8967",
"因","み","J","ヨ","び",
"Found string at 0x26c5e4 with id 01 00 00 00; allocation_length 36; actual length 36"
"889F","88EF","88BE","89FB","88A7","88C4","88A7","88AA","88A9","89F2","8A4D","8A4E","895F","8A4F","88AA","88AB","88A0","88DC",
"1","て","V","異","9","b","9","B","A","医","姻","引","ぞ","院","B","C","2","z",
"Found string at 0x26c621 with id 01 00 00 00; allocation_length 26; actual length 26"
"88A4","8A50","8A49","89FC","88E2","88E3","88A9","88A0","895F","8A51","8A52","8A53","8A54",
"6","陰","逸","移","か","き","A","2","ぞ","隠","韻","飲","右",
"Found string at 0x26c648 with id 02 00 00 00; allocation_length 18; actual length 18"
"88E2","88E3","88A9","88A0","88AA","88AB","88A0","88A1","88A9",
"か","き","A","2","B","C","2","3","A",
"Found string at 0x26c667 with id 00 00 00 00; allocation_length 18; actual length 18"
"88A1","88A9","88BE","88A7","89D9","88EF","88A9","88D2","88A9",
"3","A","V","9",":","て","A","p","A",
"Found string at 0x26c692 with id 02 00 00 00; allocation_length 10; actual length 10"
"88BE","89A8","88A9","88A1","88A9",
"V","ビ","A","3","A",
"Found string at 0x26c6a9 with id 00 00 00 00; allocation_length 10; actual length 10"
"89E7","8966","88B2","898D","89E2",
"愛","ば","J","ジ","♪",
"Found string at 0x26c6c0 with id 00 00 00 00; allocation_length 20; actual length 20"
"88EF","88F1","88C0","89D9","88A0","8A55","8987","88DC","88A6","88A8",
"て","な","X",":","2","宇","ゲ","z","8","0",
"Found string at 0x26c6ed with id 02 00 00 00; allocation_length 44; actual length 44"
"89B1","89B2","88DA","88C0","89B0","8A56","8A51","8A57","8A58","8A57","8A53","89B2","8A59","8A54","8A59","8A54","88B2","8A5A","89B2","8A5B","8A5C","8A57",
"ボ","ポ","x","X","ホ","羽","隠","雨","運","雨","飲","ポ","雲","右","雲","右","J","宮","ポ","影","衛","雨",
"Found string at 0x26c726 with id 00 00 00 00; allocation_length 14; actual length 14"
"88C1","88BF","88A7","89D9","88C2","88A9","88BF",
"Y","W","9",":","Z","A","W",
"Found string at 0x26c74d with id 02 00 00 00; allocation_length 42; actual length 42"
"89B1","89B2","88DA","88C0","89B0","8A56","8A51","8A57","8A58","8A57","8A53","89B2","8A59","8A54","8A59","8A54","88B2","89B1","89B2","89B2","8A54",
"ボ","ポ","x","X","ホ","羽","隠","雨","運","雨","飲","ポ","雲","右","雲","右","J","ボ","ポ","ポ","右",
"Found string at 0x26c784 with id 00 00 00 00; allocation_length 10; actual length 10"
"89EB","88FC","88B2","89D6","88E6",
"安","み","J","@","こ",
"Found string at 0x26c79b with id 00 00 00 00; allocation_length 10; actual length 10"
"88E7","8A5D","88B2","8A5E","88E1",
"さ","映","J","栄","お",
"Found string at 0x26c7be with id 02 00 00 00; allocation_length 16; actual length 16"
"8A59","8A5F","89B2","895C","8A5B","895E","8A60","895E",
"雲","永","ポ","じ","影","ぜ","泳","ぜ",
"Found string at 0x26c7db with id 00 00 00 00; allocation_length 20; actual length 20"
"88EF","89C3","88C1","88C0","89D9","89A8","88C0","88DC","8A61","88F0",
"て","ヮ","Y","X",":","ビ","X","z","英","と",
"Found string at 0x26c7fc with id 00 00 00 00; allocation_length 20; actual length 20"
"89BF","898E","88A7","89D9","88EB","8942","88C0","88AA","88A7","88A0",
"リ","ス","9",":","そ","も","X","B","9","2",
"Found string at 0x26c81d with id 00 00 00 00; allocation_length 14; actual length 14"
"88C1","88A7","88F1","89D9","88C2","88A6","88A1",
"Y","9","な",":","Z","8","3",
"Found string at 0x26c838 with id 00 00 00 00; allocation_length 18; actual length 18"
"88C1","88BE","88A9","88A8","89D9","88A3","88BA","88C2","88A6",
"Y","V","A","0",":","5","R","Z","8",
"Found string at 0x26c857 with id 00 00 00 00; allocation_length 18; actual length 18"
"88BF","88BE","88A9","88A8","89D9","88A3","88AC","88E5","8995",
"W","V","A","0",":","5","D","け","ダ",
"Found string at 0x26c876 with id 00 00 00 00; allocation_length 14; actual length 14"
"8943","88C1","88A6","89D9","8995","88BE","88ED",
"や","Y","8",":","ダ","V","ち",
"Found string at 0x26c891 with id 00 00 00 00; allocation_length 18; actual length 18"
"88BA","88CA","88A8","88DA","88A7","89D9","88E5","88BF","88A9",
"R","h","0","x","9",":","け","W","A",
"Found string at 0x26c8b0 with id 00 00 00 00; allocation_length 24; actual length 24"
"8995","88C1","89BF","88C0","89D9","88A8","88C1","88E5","88E3","88A1","88A2","88DC",
"ダ","Y","リ","X",":","0","Y","け","き","3","4","z",
"Found string at 0x26c8d5 with id 00 00 00 00; allocation_length 12; actual length 12"
"88C1","88BF","88A7","89D9","8A62","88F0",
"Y","W","9",":","詠","と",
"Found string at 0x26c8ee with id 00 00 00 00; allocation_length 16; actual length 16"
"88A3","88A6","88A7","88E5","88A0","89D9","89A8","88C0",
"5","8","9","け","2",":","ビ","X",
"Found string at 0x26c917 with id 02 00 00 00; allocation_length 14; actual length 14"
"8A63","8A57","8A4D","8A52","8A57","89AE","8A64",
"鋭","雨","姻","韻","雨","ベ","易",
"Found string at 0x26c932 with id 00 00 00 00; allocation_length 8; actual length 8"
"88C5","8A65","88B2","89CD",
"c","液","J","△",
"Found string at 0x26c953 with id 01 00 00 00; allocation_length 42; actual length 42"
"88A4","8A5F","8A64","895E","8A57","88C9","88DD","88E5","88BF","88C2","89FB","88A9","88A5","88E2","88A7","8994","88C2","88A9","898E","88A9","8A66",
"6","永","易","ぜ","雨","g","あ","け","W","Z","異","A","7","か","9","タ","Z","A","ス","A","疫",
"Found string at 0x26c98a with id 01 00 00 00; allocation_length 54; actual length 54"
"88B2","894D","88B2","8A67","8A42","8A42","8A68","88B2","8A69","8A44","8A6A","8A42","88A5","88DD","88C4","88A9","88E5","88CA","88A7","898E","88C3","89FB","895F","8A51","8A52","8A53","8A54",
"J","ん","J","益","衣","衣","駅","J","悦","遺","謁","衣","7","あ","b","A","け","h","9","ス","a","異","ぞ","隠","韻","飲","右",
"Found string at 0x26c9d9 with id 02 00 00 00; allocation_length 6; actual length 6"
"8A5F","895F","8A51",
"永","ぞ","隠",
"Found string at 0x26c9ec with id 00 00 00 00; allocation_length 10; actual length 10"
"89B5","89FA","88B2","899F","8981",
"ム","為","J","ナ","ガ",
"Found string at 0x26ca0f with id 02 00 00 00; allocation_length 18; actual length 18"
"89D5","89A8","88DA","88C0","89E6","88A7","88DA","88A9","89F2",
"&","ビ","x","X","哀","9","x","A","医",
"Found string at 0x26ca2e with id 00 00 00 00; allocation_length 12; actual length 12"
"88DE","88E8","88B2","8950","898D","8981",
"い","し","J","。","ジ","ガ",
"Found string at 0x26ca47 with id 00 00 00 00; allocation_length 10; actual length 10"
"89A9","88CD","88B2","896F","8981",
"ピ","k","J","ぽ","ガ",
"Found string at 0x26ca5e with id 00 00 00 00; allocation_length 12; actual length 12"
"8A6B","8A6C","896C","88B2","8965","89E5",
"越","閲","ぴ","J","っ","亜",
"Found string at 0x26ca77 with id 00 00 00 00; allocation_length 8; actual length 8"
"8A6D","8947","88B2","8A6E",
"円","り","J","園",
"Found string at 0x26ca98 with id 01 00 00 00; allocation_length 18; actual length 18"
"88A4","8A59","89B2","895D","8A64","88A0","88A1","88A2","88A3",
"6","雲","ポ","ず","易","2","3","4","5",
"Found string at 0x26cab7 with id 02 00 00 00; allocation_length 8; actual length 8"
"8A5F","8A54","895E","8A64",
"永","右","ぜ","易",
"Found string at 0x26cacc with id 00 00 00 00; allocation_length 20; actual length 20"
"88DE","8955","89D9","8A6F","88A7","8941","8943","88A0","89D9","8A70",
"い","ぉ",":","塩","9","め","や","2",":","宴",
"Found string at 0x26caf9 with id 02 00 00 00; allocation_length 16; actual length 16"
"8A59","89B2","895D","8A64","8A71","89B2","895F","8A4F",
"雲","ポ","ず","易","延","ポ","ぞ","院",
"Found string at 0x26cb16 with id 00 00 00 00; allocation_length 8; actual length 8"
"89F4","88C1","88A7","89F2",
"委","Y","9","医",
"Found string at 0x26cb37 with id 02 00 00 00; allocation_length 14; actual length 14"
"88A5","88DD","88C3","88E3","88A9","88DA","88A9",
"7","あ","a","き","A","x","A",
"Found string at 0x26cb52 with id 00 00 00 00; allocation_length 10; actual length 10"
"8961","88E4","88B2","89B4","897C",
"ぢ","く","J","ミ","エ",
"Found string at 0x26cb69 with id 00 00 00 00; allocation_length 10; actual length 10"
"8A72","897A","88B2","8A73","89BD",
"援","ウ","J","沿","ヨ",
"Found string at 0x26cb8c with id 02 00 00 00; allocation_length 26; actual length 26"
"88A5","88DD","89E6","88AC","88E5","88CA","88A7","8995","88EE","88A9","88BA","88AB","88A9",
"7","あ","哀","D","け","h","9","ダ","つ","A","R","C","A",
"Found string at 0x26cbb3 with id 00 00 00 00; allocation_length 12; actual length 12"
"89A9","8955","88B2","8A74","894B","8957",
"ピ","ぉ","J","演","わ","ぎ",
"Found string at 0x26cbd8 with id 02 00 00 00; allocation_length 10; actual length 10"
"88D2","88D3","88A6","8995","88A7",
"p","q","8","ダ","9",
"Found string at 0x26cbef with id 00 00 00 00; allocation_length 10; actual length 10"
"8A75","8A76","8A77","88B2","899F",
"炎","煙","猿","J","ナ",
"Found string at 0x26cc06 with id 00 00 00 00; allocation_length 10; actual length 10"
"88C5","8966","88B2","894B","8963",
"c","ば","J","わ","で",
"Found string at 0x26cc1d with id 00 00 00 00; allocation_length 8; actual length 8"
"8A78","8A79","88B2","8A7A",
"縁","遠","J","鉛",
"Found string at 0x26cc3e with id 02 00 00 00; allocation_length 22; actual length 22"
"88D2","88D3","88A6","8995","88A7","88BF","88E5","88A0","88A1","88A7","88DC",
"p","q","8","ダ","9","W","け","2","3","9","z",
"Found string at 0x26cc61 with id 00 00 00 00; allocation_length 10; actual length 10"
"8966","88E8","88B2","89F8","8A7B",
"ば","し","J","慰","汚",
"Found string at 0x26cc78 with id 00 00 00 00; allocation_length 10; actual length 10"
"8985","8A7C","88B2","8A7D","8A7E",
"グ","凹","J","央","奥",
"Found string at 0x26cc9b with id 02 00 00 00; allocation_length 10; actual length 10"
"895F","8A5C","8A57","8A80","89B2",
"ぞ","衛","雨","往","ポ",
"Found string at 0x26ccb2 with id 00 00 00 00; allocation_length 8; actual length 8"
"8955","89A5","88B2","8A81",
"ぉ","バ","J","応",
"Found string at 0x26ccc7 with id 00 00 00 00; allocation_length 10; actual length 10"
"8958","89A5","88B2","88B3","899F",
"ぐ","バ","J","K","ナ",
"Found string at 0x26ccde with id 00 00 00 00; allocation_length 8; actual length 8"
"8A82","88CD","88B2","897C",
"押","k","J","エ",
"Found string at 0x26ccf3 with id 00 00 00 00; allocation_length 10; actual length 10"
"894F","8A83","8A84","88B2","8A85",
"、","桜","横","J","欧",
"Found string at 0x26cd16 with id 02 00 00 00; allocation_length 4; actual length 4"
"89E0","8A86",
"♂","殴",
"Found string at 0x26cd27 with id 00 00 00 00; allocation_length 10; actual length 10"
"8A87","896E","88B2","896D","894A",
"王","ぺ","J","ぷ","ろ",
"Found string at 0x26cd4a with id 02 00 00 00; allocation_length 8; actual length 8"
"895B","8A54","8A59","89B2",
"ざ","右","雲","ポ",
"Found string at 0x26cd5f with id 00 00 00 00; allocation_length 10; actual length 10"
"8A88","88D0","88B2","8940","894B",
"翁","n","J","む","わ",
"Found string at 0x26cd82 with id 02 00 00 00; allocation_length 20; actual length 20"
"88AC","8943","88A9","88A7","89FB","89D1","8943","88A9","88A1","88A9",
"D","や","A","9","異",")","や","A","3","A",
"Found string at 0x26cda3 with id 00 00 00 00; allocation_length 8; actual length 8"
"8A89","89FA","88B2","8A8A",
"億","為","J","屋",
"Found string at 0x26cdb8 with id 00 00 00 00; allocation_length 10; actual length 10"
"89B5","8981","88B2","8A8B","897C",
"ム","ガ","J","憶","エ",
"Found string at 0x26cddb with id 02 00 00 00; allocation_length 10; actual length 10"
"8A8C","88BF","88D3","88C1","88AC",
"乙","W","q","Y","D",
"Found string at 0x26cdf2 with id 00 00 00 00; allocation_length 10; actual length 10"
"8A8D","88C6","88B2","8A8E","899C",
"恩","d","J","温","デ",
"Found string at 0x26ce09 with id 00 00 00 00; allocation_length 12; actual length 12"
"88CD","88CE","88B2","8A8F","8A57","8981",
"k","l","J","穏","雨","ガ",
"Found string at 0x26ce2e with id 02 00 00 00; allocation_length 12; actual length 12"
"88A0","88A1","88C1","88BE","88A0","88DC",
"2","3","Y","V","2","z",
"Found string at 0x26ce47 with id 00 00 00 00; allocation_length 12; actual length 12"
"8A90","88CE","88B2","895C","88AF","8A53",
"音","l","J","じ","G","飲",
"Found string at 0x26ce6c with id 02 00 00 00; allocation_length 8; actual length 8"
"8A91","88AF","8A52","8A92",
"下","G","韻","化",
"Found string at 0x26ce81 with id 00 00 00 00; allocation_length 12; actual length 12"
"8A93","8A94","88B2","8950","898D","8981",
"仮","何","J","。","ジ","ガ",
"Found string at 0x26cea6 with id 02 00 00 00; allocation_length 8; actual length 8"
"8A60","8A4D","8A51","8A52",
"泳","姻","隠","韻",
"Found string at 0x26cebb with id 00 00 00 00; allocation_length 10; actual length 10"
"89B5","8981","88B2","88CF","894B",
"ム","ガ","J","m","わ",
"Found string at 0x26cede with id 02 00 00 00; allocation_length 8; actual length 8"
"8A95","8A54","89AE","8A64",
"価","右","ベ","易",
"Found string at 0x26cef3 with id 00 00 00 00; allocation_length 10; actual length 10"
"88FC","88C5","88B2","8940","8981",
"み","c","J","む","ガ",
"Found string at 0x26cf16 with id 02 00 00 00; allocation_length 4; actual length 4"
"8A96","8A97",
"佳","加",
"Found string at 0x26cf27 with id 00 00 00 00; allocation_length 8; actual length 8"
"8A89","88C5","88B2","8A98",
"億","c","J","可",
"Found string at 0x26cf3c with id 00 00 00 00; allocation_length 10; actual length 10"
"897A","89E3","88B2","89E5","899B",
"ウ","〜","J","亜","テ",
"Found string at 0x26cf53 with id 00 00 00 00; allocation_length 10; actual length 10"
"89A9","88CD","88B2","8990","8A99",
"ピ","k","J","セ","夏",
"Found string at 0x26cf6a with id 00 00 00 00; allocation_length 10; actual length 10"
"88B0","8A9A","88B2","894B","8998",
"H","嫁","J","わ","ッ",
"Found string at 0x26cf81 with id 00 00 00 00; allocation_length 10; actual length 10"
"8A9B","8A9C","88B2","8A9D","894B",
"家","寡","J","暇","わ",
"Found string at 0x26cf98 with id 00 00 00 00; allocation_length 10; actual length 10"
"8A9E","8A9F","88B2","8A5E","894A",
"果","架","J","栄","ろ",
"Found string at 0x26cfaf with id 00 00 00 00; allocation_length 10; actual length 10"
"88E4","88C5","88B2","8A81","894A",
"く","c","J","応","ろ",
"Found string at 0x26cfc6 with id 00 00 00 00; allocation_length 10; actual length 10"
"8AA0","8AA1","88B2","89BE","89B6",
"歌","河","J","ラ","メ",
"Found string at 0x26cfe9 with id 02 00 00 00; allocation_length 16; actual length 16"
"8A71","8AA2","8A57","88ED","88A3","8987","88AC","88DC",
"延","渦","雨","ち","5","ゲ","D","z",
"Found string at 0x26d006 with id 00 00 00 00; allocation_length 18; actual length 18"
"89B2","8AA3","895B","88B2","895E","8A57","8A56","8A5C","8A57",
"ポ","火","ざ","J","ぜ","雨","羽","衛","雨",
"Found string at 0x26d031 with id 02 00 00 00; allocation_length 28; actual length 28"
"8A71","8AA2","8A57","88ED","88A3","8987","88AC","88DC","88BF","88E5","88A0","88A1","88A7","88DC",
"延","渦","雨","ち","5","ゲ","D","z","W","け","2","3","9","z",
"Found string at 0x26d05a with id 00 00 00 00; allocation_length 4; actual length 4"
"894B","8A7A",
"わ","鉛",
"Found string at 0x26d077 with id 02 00 00 00; allocation_length 4; actual length 4"
"89BB","88D6",
"ユ","t",
"Found string at 0x26d088 with id 00 00 00 00; allocation_length 10; actual length 10"
"8AA4","8947","88B2","8AA5","88C8",
"禍","り","J","科","f",
"Found string at 0x26d09f with id 00 00 00 00; allocation_length 10; actual length 10"
"8AA6","8AA7","88B2","88E9","8959",
"稼","箇","J","す","げ",
"Found string at 0x26d0c2 with id 02 00 00 00; allocation_length 8; actual length 8"
"895B","8A54","8A71","8A64",
"ざ","右","延","易",
"Found string at 0x26d0d7 with id 00 00 00 00; allocation_length 10; actual length 10"
"8944","88C5","88B2","89F3","894B",
"ゆ","c","J","囲","わ",
"Found string at 0x26d0fa with id 02 00 00 00; allocation_length 4; actual length 4"
"8A49","8A86",
"逸","殴",
"Found string at 0x26d10b with id 00 00 00 00; allocation_length 10; actual length 10"
"898A","8947","88E8","88B2","8A74",
"サ","り","し","J","演",
"Found string at 0x26d12e with id 02 00 00 00; allocation_length 12; actual length 12"
"8A56","8A5C","8A57","88AF","8A5C","8A64",
"羽","衛","雨","G","衛","易",
"Found string at 0x26d147 with id 00 00 00 00; allocation_length 16; actual length 16"
"88BF","88A7","88C3","8942","88B2","88A0","88EF","88A0",
"W","9","a","も","J","2","て","2",
"Found string at 0x26d164 with id 00 00 00 00; allocation_length 10; actual length 10"
"8961","88E4","88B2","89BE","897C",
"ぢ","く","J","ラ","エ",
"Found string at 0x26d17b with id 00 00 00 00; allocation_length 4; actual length 4"
"8AA8","89C2",
"花","ロ",
"Found string at 0x26d18c with id 00 00 00 00; allocation_length 10; actual length 10"
"8AA9","88B6","88B2","8AAA","895A",
"荷","N","J","華","ご",
"Found string at 0x26d1a3 with id 00 00 00 00; allocation_length 16; actual length 16"
"8982","8AAB","8A8C","88BE","88C9","88A5","88A1","88A9",
"キ","菓","乙","V","g","7","3","A",
"Found string at 0x26d1c0 with id 00 00 00 00; allocation_length 14; actual length 14"
"8A55","8987","88C0","88A3","8AAC","88A9","8943",
"宇","ゲ","X","5","蚊","A","や",
"Found string at 0x26d1db with id 00 00 00 00; allocation_length 16; actual length 16"
"88D2","88A8","8941","8AAD","89FB","88A3","8942","88A0",
"p","0","め","課","異","5","も","2",
"Found string at 0x26d1f8 with id 00 00 00 00; allocation_length 8; actual length 8"
"88E4","89A4","8AAE","8AAF",
"く","ハ","貨","過",
"Found string at 0x26d20d with id 00 00 00 00; allocation_length 26; actual length 26"
"88A3","8987","8941","88A9","88C1","88A7","88A1","88A9","88A8","88E5","88CA","88A8","88C0",
"5","ゲ","め","A","Y","9","3","A","0","け","h","0","X",
"Found string at 0x26d234 with id 00 00 00 00; allocation_length 18; actual length 18"
"88AA","88AB","88A0","88DC","89D9","88DA","89A8","88A9","88DC",
"B","C","2","z",":","x","ビ","A","z",
"Found string at 0x26d253 with id 00 00 00 00; allocation_length 20; actual length 20"
"88A0","88A1","88BA","89FB","88EC","88A9","88C0","88BF","88A2","88A5",
"2","3","R","異","た","A","X","W","4","7",
"Found string at 0x26d274 with id 00 00 00 00; allocation_length 24; actual length 24"
"8A91","8AA3","8AB0","895F","88BF","88A7","88C3","88C0","89C4","88A7","8AB1","8AB2",
"下","火","靴","ぞ","W","9","a","X","ワ","9","画","我",
"Found string at 0x26d299 with id 00 00 00 00; allocation_length 32; actual length 32"
"88C4","88EB","88BE","88B2","88BF","88A9","88DC","8AAD","88A9","88AC","88A0","88B2","88A0","88A1","88BA","89FB",
"b","そ","V","J","W","A","z","課","A","D","2","J","2","3","R","異",
"Found string at 0x26d2c6 with id 00 00 00 00; allocation_length 18; actual length 18"
"88F1","88A2","88B9","8942","88C1","88D3","88A9","88BA","89F2",
"な","4","Q","も","Y","q","A","R","医",
"Found string at 0x26d2fd with id 01 00 00 00; allocation_length 22; actual length 22"
"889F","8A96","8A97","88C2","88A9","898E","88A9","88A0","88A1","88A2","88A3",
"1","佳","加","Z","A","ス","A","2","3","4","5",
"Found string at 0x26d320 with id 02 00 00 00; allocation_length 14; actual length 14"
"88C3","8942","8943","88AC","88E5","88CA","88A7",
"a","も","や","D","け","h","9",
"Found string at 0x26d33b with id 00 00 00 00; allocation_length 10; actual length 10"
"898F","88B2","8990","8991","8957",
"ズ","J","セ","ゼ","ぎ",
"Found string at 0x26d35e with id 02 00 00 00; allocation_length 22; actual length 22"
"88C4","88C3","88A6","88A9","88BD","88BF","88E2","88D3","88A9","88A1","88A9",
"b","a","8","A","U","W","か","q","A","3","A",
"Found string at 0x26d381 with id 00 00 00 00; allocation_length 10; actual length 10"
"89DD","89FA","88B2","88F5","8953",
"Д","為","J","の","ぅ",
"Found string at 0x26d398 with id 00 00 00 00; allocation_length 16; actual length 16"
"89FB","88AC","88C2","88A6","88B2","8AB3","88EB","88C9",
"異","D","Z","8","J","芽","そ","g",
"Found string at 0x26d3b5 with id 00 00 00 00; allocation_length 26; actual length 26"
"8A57","89CA","895E","88B2","8AB4","88A9","8A4D","89E9","88EB","88DA","8A62","8AB5","89EE",
"雨","○","ぜ","J","賀","A","姻","握","そ","x","詠","雅","以",
"Found string at 0x26d3dc with id 00 00 00 00; allocation_length 20; actual length 20"
"8AB6","8A94","88B2","8AB7","89E9","88EB","88DA","8A62","8AB5","89EE",
"餓","何","J","介","握","そ","x","詠","雅","以",
"Found string at 0x26d3fd with id 00 00 00 00; allocation_length 22; actual length 22"
"8AB8","89E7","88B2","8967","8AB9","89E9","88EB","88DA","8A62","8AB5","89EE",
"会","愛","J","び","回","握","そ","x","詠","雅","以",
"Found string at 0x26d420 with id 00 00 00 00; allocation_length 10; actual length 10"
"8958","89E7","88B2","89D6","88E6",
"ぐ","愛","J","@","こ",
"Found string at 0x26d437 with id 00 00 00 00; allocation_length 10; actual length 10"
"8A78","88C5","88B2","8ABA","895A",
"縁","c","J","塊","ご",
"Found string at 0x26d44e with id 00 00 00 00; allocation_length 10; actual length 10"
"894F","88B6","88B2","88E9","8ABB",
"、","N","J","す","壊",
"Found string at 0x26d465 with id 00 00 00 00; allocation_length 12; actual length 12"
"8ABC","88E8","88B2","89E4","89E5","8981",
"快","し","J","➝","亜","ガ",
"Found string at 0x26d47e with id 00 00 00 00; allocation_length 10; actual length 10"
"8992","8947","88B2","88E9","8993",
"ソ","り","J","す","ゾ",
"Found string at 0x26d4a1 with id 02 00 00 00; allocation_length 14; actual length 14"
"88A5","88A6","8994","88C1","88A7","8ABD","8ABE",
"7","8","タ","Y","9","怪","悔",
"Found string at 0x26d4bc with id 00 00 00 00; allocation_length 10; actual length 10"
"8967","88C5","88B2","8ABF","89AB",
"び","c","J","懐","ブ",
"Found string at 0x26d4df with id 02 00 00 00; allocation_length 32; actual length 32"
"8A49","88D6","8A41","894C","8A96","88D5","894D","8A50","88B2","8A96","8A40","89BB","88D7","88D6","8A50","88D8",
"逸","t","緯","を","佳","s","ん","陰","J","佳","維","ユ","u","t","陰","v",
"Found string at 0x26d50c with id 00 00 00 00; allocation_length 12; actual length 12"
"89CF","8AC0","88C5","88B2","8986","88B4",
"?","戒","c","J","ケ","L",
"Found string at 0x26d525 with id 00 00 00 00; allocation_length 10; actual length 10"
"8AC1","88C5","88B2","89E8","88E6",
"拐","c","J","悪","こ",
"Found string at 0x26d53c with id 00 00 00 00; allocation_length 10; actual length 10"
"8A4C","88FC","88B2","8AC2","894A",
"因","み","J","改","ろ",
"Found string at 0x26d553 with id 00 00 00 00; allocation_length 10; actual length 10"
"8A8D","88E8","88B2","8AC3","8981",
"恩","し","J","械","ガ",
"Found string at 0x26d56a with id 00 00 00 00; allocation_length 10; actual length 10"
"8AC4","88E8","88B2","8AC5","88E6",
"海","し","J","灰","こ",
"Found string at 0x26d581 with id 00 00 00 00; allocation_length 10; actual length 10"
"8AC3","89FA","88B2","8AC6","8A78",
"械","為","J","界","縁",
"Found string at 0x26d5a4 with id 02 00 00 00; allocation_length 38; actual length 38"
"89FC","8A42","8AC7","8A45","88B2","8A67","8A44","8A45","8A43","8A42","88B2","8A97","8A45","8AC7","8AC8","8972","8973","8A43","8AC9",
"移","衣","皆","域","J","益","遺","域","違","衣","J","加","域","皆","絵","ょ","ゎ","違","解",
"Found string at 0x26d5d7 with id 00 00 00 00; allocation_length 14; actual length 14"
"88B0","8ACA","88B2","8995","88DA","89CE","88DD",
"H","開","J","ダ","x","!","あ",
"Found string at 0x26d5fe with id 01 00 00 00; allocation_length 12; actual length 12"
"889F","8ACB","88D6","88F2","88A9","88C2",
"1","階","t","に","A","Z",
"Found string at 0x26d617 with id 02 00 00 00; allocation_length 20; actual length 20"
"8ACB","88D6","88B2","89BB","8AC7","8A47","8AC7","8A48","8A42","8A45",
"階","t","J","ユ","皆","一","皆","壱","衣","域",
"Found string at 0x26d638 with id 00 00 00 00; allocation_length 8; actual length 8"
"8ACC","8AA7","88B2","88CF",
"劾","箇","J","m",
"Found string at 0x26d659 with id 02 00 00 00; allocation_length 20; actual length 20"
"8ACB","88D6","88B2","89DF","8A42","8AC9","8A4A","8A42","8A45","8AC9",
"階","t","J","⊃","衣","解","印","衣","域","解",
"Found string at 0x26d67a with id 00 00 00 00; allocation_length 8; actual length 8"
"8ACC","8AA7","88B2","8ACD",
"劾","箇","J","外",
"Found string at 0x26d68f with id 00 00 00 00; allocation_length 10; actual length 10"
"8992","88C6","88B2","8940","894B",
"ソ","d","J","む","わ",
"Found string at 0x26d6a6 with id 00 00 00 00; allocation_length 12; actual length 12"
"88D4","8ACE","88B2","89C6","8ACF","898D",
"r","害","J","ン","街","ジ",
"Found string at 0x26d6bf with id 00 00 00 00; allocation_length 10; actual length 10"
"8AD0","88C5","88B2","8AD1","89E2",
"慨","c","J","概","♪",
"Found string at 0x26d6d6 with id 00 00 00 00; allocation_length 12; actual length 12"
"8AD2","88B6","88B2","89E4","8AD3","89E2",
"涯","N","J","➝","該","♪",
"Found string at 0x26d6ef with id 00 00 00 00; allocation_length 10; actual length 10"
"89C1","88C5","88B2","89BD","88D0",
"レ","c","J","ヨ","n",
"Found string at 0x26d706 with id 00 00 00 00; allocation_length 10; actual length 10"
"89F1","88B6","88B2","8A81","8981",
"偉","N","J","応","ガ",
"Found string at 0x26d71d with id 00 00 00 00; allocation_length 10; actual length 10"
"8AD3","8AD4","88B2","8978","8A7B",
"該","各","J","イ","汚",
"Found string at 0x26d734 with id 00 00 00 00; allocation_length 10; actual length 10"
"8A89","896E","88B2","88E1","8A7E",
"億","ぺ","J","お","奥",
"Found string at 0x26d74b with id 00 00 00 00; allocation_length 10; actual length 10"
"8AD5","88C5","88B2","8AD6","8953",
"??","c","J","拡","ぅ",
"Found string at 0x26d762 with id 00 00 00 00; allocation_length 12; actual length 12"
"8A4C","8A87","88B2","89E4","898D","89CD",
"因","王","J","➝","ジ","△",
"Found string at 0x26d77b with id 00 00 00 00; allocation_length 10; actual length 10"
"88E4","89E7","88B2","894B","88CC",
"く","愛","J","わ","j",
"Found string at 0x26d792 with id 00 00 00 00; allocation_length 12; actual length 12"
"8A4C","8AD7","88B2","8976","894B","8957",
"因","格","J","ア","わ","ぎ",
"Found string at 0x26d7ab with id 00 00 00 00; allocation_length 10; actual length 10"
"89EC","88FC","88B2","8AD8","8AD9",
"暗","み","J","核","殻",
"Found string at 0x26d7c2 with id 00 00 00 00; allocation_length 10; actual length 10"
"8983","8947","88B2","8ADA","8ADB",
"ギ","り","J","獲","確",
"Found string at 0x26d7d9 with id 00 00 00 00; allocation_length 8; actual length 8"
"8AC1","88FC","88B2","8ADC",
"拐","み","J","穫",
"Found string at 0x26d7ee with id 00 00 00 00; allocation_length 10; actual length 10"
"8966","8ADD","88B2","8ADE","8A9F",
"ば","覚","J","角","架",
"Found string at 0x26d805 with id 00 00 00 00; allocation_length 12; actual length 12"
"8ADF","8AE0","8967","88B2","8968","8AD3",
"較","郭","び","J","ぶ","該",
"Found string at 0x26d81e with id 00 00 00 00; allocation_length 10; actual length 10"
"88E8","8AA7","88B2","8AE1","89B6",
"し","箇","J","閣","メ",
"Found string at 0x26d835 with id 00 00 00 00; allocation_length 10; actual length 10"
"894F","88B6","88B2","88B0","896B",
"、","N","J","H","ぱ",
"Found string at 0x26d84c with id 00 00 00 00; allocation_length 10; actual length 10"
"88E7","896E","88B2","8976","8AE2",
"さ","ぺ","J","ア","隔",
"Found string at 0x26d863 with id 00 00 00 00; allocation_length 10; actual length 10"
"8955","89E3","88B2","8AA8","897C",
"ぉ","〜","J","花","エ",
"Found string at 0x26d87a with id 00 00 00 00; allocation_length 10; actual length 10"
"8AE3","88C5","88B2","899A","8953",
"革","c","J","ヅ","ぅ",
"Found string at 0x26d891 with id 00 00 00 00; allocation_length 10; actual length 10"
"8962","8AA7","88B2","8950","88B8",
"づ","箇","J","。","P",
"Found string at 0x26d8a8 with id 00 00 00 00; allocation_length 8; actual length 8"
"8AE4","88B6","88B2","8AE5",
"学","N","J","岳",
"Found string at 0x26d8bd with id 00 00 00 00; allocation_length 8; actual length 8"
"88C6","88CE","88B2","8940",
"d","l","J","む",
"Found string at 0x26d8d2 with id 00 00 00 00; allocation_length 10; actual length 10"
"8AE6","896E","88B2","8963","8A5E",
"楽","ぺ","J","で","栄",
"Found string at 0x26d8e9 with id 00 00 00 00; allocation_length 10; actual length 10"
"88CD","88E8","88B2","89E2","8AE1",
"k","し","J","♪","閣",
"Found string at 0x26d900 with id 00 00 00 00; allocation_length 12; actual length 12"
"8996","88C5","88B2","8AE7","89E2","8981",
"チ","c","J","額","♪","ガ",
"Found string at 0x26d919 with id 00 00 00 00; allocation_length 8; actual length 8"
"8AE8","8AE9","88B2","89A0",
"割","喝","J","ニ",
"Found string at 0x26d93a with id 01 00 00 00; allocation_length 16; actual length 16"
"889F","88A5","88DD","88C4","88A9","88E5","88CA","88A7",
"1","7","あ","b","A","け","h","9",
"Found string at 0x26d957 with id 00 00 00 00; allocation_length 8; actual length 8"
"8AEA","8947","88B2","89CD",
"括","り","J","△",
"Found string at 0x26d96c with id 00 00 00 00; allocation_length 10; actual length 10"
"89EF","88B2","8AEB","8AEC","8981",
"位","J","活","渇","ガ",
"Found string at 0x26d983 with id 00 00 00 00; allocation_length 10; actual length 10"
"88E9","8AED","88B2","8AEE","8A7B",
"す","滑","J","褐","汚",
"Found string at 0x26d9a6 with id 01 00 00 00; allocation_length 44; actual length 44"
"889F","89F9","88A3","88DC","88EB","8987","88BF","8995","88E2","88E3","88BF","88C0","88BD","89F4","88A2","89BF","88A9","88BA","88C3","8941","88C1","88A7",
"1","胃","5","z","そ","ゲ","W","ダ","か","き","W","X","U","委","4","リ","A","R","a","め","Y","9",
"Found string at 0x26d9df with id 02 00 00 00; allocation_length 24; actual length 24"
"89F4","88A2","89BF","88A9","88BA","88C9","88A9","88C3","8942","88EE","88A9","88DC",
"委","4","リ","A","R","g","A","a","も","つ","A","z",
"Found string at 0x26da04 with id 00 00 00 00; allocation_length 10; actual length 10"
"88DE","897A","88B2","89BD","89D8",
"い","ウ","J","ヨ",".",
"Found string at 0x26da1b with id 00 00 00 00; allocation_length 10; actual length 10"
"89EC","8AEF","88B2","8A5E","8981",
"暗","轄","J","栄","ガ",
"Found string at 0x26da3e with id 00 00 00 00; allocation_length 20; actual length 20"
"8958","8961","88B2","894B","899F","89E9","8A49","89BB","8A96","89EE",
"ぐ","ぢ","J","わ","ナ","握","逸","ユ","佳","以",
"Found string at 0x26da5f with id 00 00 00 00; allocation_length 20; actual length 20"
"8ACC","8AF0","88B2","8AF1","8991","89E9","8A49","89BB","8A96","89EE",
"劾","乾","J","冠","ゼ","握","逸","ユ","佳","以",
"Found string at 0x26da8c with id 02 00 00 00; allocation_length 42; actual length 42"
"89F4","88A2","89BF","88A9","88BA","8A66","89F9","88A3","88DC","88EB","8987","88BF","8995","88E2","88E3","88BF","88C0","88C3","8941","88C1","88A7",
"委","4","リ","A","R","疫","胃","5","z","そ","ゲ","W","ダ","か","き","W","X","a","め","Y","9",
"Found string at 0x26dac3 with id 00 00 00 00; allocation_length 26; actual length 26"
"8960","8961","88B2","8AF2","88B8","89E9","8AC7","8A68","8A6A","8973","8A44","8A47","89EE",
"だ","ぢ","J","刊","P","握","皆","駅","謁","ゎ","遺","一","以",
"Found string at 0x26daf6 with id 02 00 00 00; allocation_length 34; actual length 34"
"89F9","88A3","88DC","88EB","8987","88BF","8995","88E2","88E3","88BF","88C0","88A6","88C1","88B9","8942","88A7","8994",
"胃","5","z","そ","ゲ","W","ダ","か","き","W","X","8","Y","Q","も","9","タ",
"Found string at 0x26db25 with id 00 00 00 00; allocation_length 26; actual length 26"
"8977","896E","88B2","894B","8AF3","89E9","88F0","8943","88C1","88A7","88A8","898E","89EE",
"ィ","ぺ","J","わ","勘","握","と","や","Y","9","0","ス","以",
"Found string at 0x26db58 with id 01 00 00 00; allocation_length 10; actual length 10"
"889F","8AF4","8AF5","8AF6","89AD",
"1","勧","喚","堪","ヘ",
"Found string at 0x26db6f with id 00 00 00 00; allocation_length 8; actual length 8"
"8AF7","88C5","88B2","89BD",
"完","c","J","ヨ",
"Found string at 0x26db84 with id 00 00 00 00; allocation_length 10; actual length 10"
"89B7","88CE","88B2","89B3","89A9",
"モ","l","J","マ","ピ",
"Found string at 0x26db9b with id 00 00 00 00; allocation_length 10; actual length 10"
"8AF8","88E8","88B2","8AF9","89B9",
"官","し","J","寒","ヤ",
"Found string at 0x26dbb2 with id 00 00 00 00; allocation_length 12; actual length 12"
"8944","88CE","88B2","8AFA","89E5","8981",
"ゆ","l","J","寛","亜","ガ",
"Found string at 0x26dbd7 with id 01 00 00 00; allocation_length 6; actual length 6"
"889F","8AFB","8AFC",
"1","巻","干",
"Found string at 0x26dbea with id 00 00 00 00; allocation_length 10; actual length 10"
"8961","8AA7","88B2","8B40","8A7B",
"ぢ","箇","J","幹","汚",
"Found string at 0x26dc0d with id 01 00 00 00; allocation_length 30; actual length 30"
"889F","88D5","88D6","88D7","88D7","88D8","88D9","88DA","88C0","88DB","88DC","88DD","8B41","8B42","8B43",
"1","s","t","u","u","v","w","x","X","y","z","あ","患","感","慣",
"Found string at 0x26dc38 with id 00 00 00 00; allocation_length 10; actual length 10"
"8A75","8A76","8AD0","88B2","8986",
"炎","煙","慨","J","ケ",
"Found string at 0x26dc4f with id 00 00 00 00; allocation_length 10; actual length 10"
"89EB","88E8","88B2","8B44","88B0",
"安","し","J","憾","H",
"Found string at 0x26dc66 with id 00 00 00 00; allocation_length 12; actual length 12"
"89C0","8960","88B2","898C","8B45","8981",
"ル","だ","J","シ","換","ガ",
"Found string at 0x26dc7f with id 00 00 00 00; allocation_length 10; actual length 10"
"88B0","88C5","88B2","8B46","89C6",
"H","c","J","敢","ン",
"Found string at 0x26dc96 with id 00 00 00 00; allocation_length 12; actual length 12"
"88C5","8A94","896E","88B2","8B47","8981",
"c","何","ぺ","J","肝","ガ",
"Found string at 0x26dcaf with id 00 00 00 00; allocation_length 8; actual length 8"
"89EF","88B2","896F","894A",
"位","J","ぽ","ろ",
"Found string at 0x26dcc4 with id 00 00 00 00; allocation_length 10; actual length 10"
"894F","89E7","88B2","8940","8981",
"、","愛","J","む","ガ",
"Found string at 0x26dcdb with id 00 00 00 00; allocation_length 10; actual length 10"
"8A78","8B48","88B2","88B0","896B",
"縁","??","J","H","ぱ",
"Found string at 0x26dcf2 with id 00 00 00 00; allocation_length 36; actual length 36"
"88A5","88A6","88A0","88B9","8942","88A2","88AC","89D9","88A0","88AC","88C1","88A9","89F2","89D9","88D1","88A2","88AC","88A0",
"7","8","2","Q","も","4","D",":","2","D","Y","A","医",":","o","4","D","2",
"Found string at 0x26dd23 with id 00 00 00 00; allocation_length 10; actual length 10"
"8B49","88B4","88B2","894B","8B4A",
"款","L","J","わ","歓",
"Found string at 0x26dd3a with id 00 00 00 00; allocation_length 8; actual length 8"
"8B4B","88B2","8AF9","8B4C",
"汗","J","寒","??",
"Found string at 0x26dd4f with id 00 00 00 00; allocation_length 22; actual length 22"
"89FC","8A42","8B4D","8973","8A46","8A42","8B4E","894D","8A47","8A43","8B4F",
"移","衣","環","ゎ","育","衣","甘","ん","一","違","監",
"Found string at 0x26dd7e with id 01 00 00 00; allocation_length 20; actual length 20"
"889F","88A0","89D1","88E5","88AB","88C0","88DA","88A7","88AC","88A0",
"1","2",")","け","C","X","x","9","D","2",
"Found string at 0x26dd9f with id 00 00 00 00; allocation_length 28; actual length 28"
"8B4D","8A49","8A86","8A86","8B50","88B2","8B51","8B52","8A49","8B4E","894D","8A47","8A43","8B4F",
"環","逸","殴","殴","看","J","管","簡","逸","甘","ん","一","違","監",
"Found string at 0x26ddc8 with id 00 00 00 00; allocation_length 36; actual length 36"
"8B51","894C","8A50","88B2","894D","8B53","88D6","8A49","88D6","8B52","894D","89E9","8B4D","8A49","8A86","8A86","8B50","89EE",
"管","を","陰","J","ん","??","t","逸","t","簡","ん","握","環","逸","殴","殴","看","以",
"Found string at 0x26ddf9 with id 00 00 00 00; allocation_length 12; actual length 12"
"8966","88E8","88B2","8B54","8AB4","8A56",
"ば","し","J","缶","賀","羽",
"Found string at 0x26de12 with id 00 00 00 00; allocation_length 8; actual length 8"
"8B55","88E8","88B2","89AA",
"艦","し","J","フ",
"Found string at 0x26de27 with id 00 00 00 00; allocation_length 10; actual length 10"
"8955","88CE","88B2","8963","89AB",
"ぉ","l","J","で","ブ",
"Found string at 0x26de3e with id 00 00 00 00; allocation_length 10; actual length 10"
"897A","88E8","88B2","8AD6","8B56",
"ウ","し","J","拡","??",
"Found string at 0x26de55 with id 00 00 00 00; allocation_length 10; actual length 10"
"8A9E","88B2","8B54","8A52","8A8F",
"果","J","缶","韻","穏",
"Found string at 0x26de6c with id 00 00 00 00; allocation_length 10; actual length 10"
"8A89","89BA","88B2","8B57","8B4C",
"億","ュ","J","??","??",
"Found string at 0x26de83 with id 00 00 00 00; allocation_length 10; actual length 10"
"894F","89E7","88B2","8940","8981",
"、","愛","J","む","ガ",
"Found string at 0x26de9a with id 00 00 00 00; allocation_length 10; actual length 10"
"8955","8948","88B2","8949","88D0",
"ぉ","る","J","れ","n",
"Found string at 0x26deb1 with id 00 00 00 00; allocation_length 10; actual length 10"
"8B58","8960","88B2","89D6","8957",
"還","だ","J","@","ぎ",
"Found string at 0x26dec8 with id 00 00 00 00; allocation_length 10; actual length 10"
"8985","8AEF","88B2","8AD6","899F",
"グ","轄","J","拡","ナ",
"Found string at 0x26dedf with id 00 00 00 00; allocation_length 10; actual length 10"
"8B59","89E7","88B2","899A","8981",
"鑑","愛","J","ヅ","ガ",
"Found string at 0x26def6 with id 00 00 00 00; allocation_length 10; actual length 10"
"8B5A","8B5B","88B2","8B5C","8981",
"間","閑","J","関","ガ",
"Found string at 0x26df0d with id 00 00 00 00; allocation_length 10; actual length 10"
"88DE","8988","88B2","8B5D","8AB9",
"い","コ","J","陥","回",
"Found string at 0x26df24 with id 00 00 00 00; allocation_length 10; actual length 10"
"8B5E","88B1","88B2","8B5F","8B60",
"館","I","J","丸","含",
"Found string at 0x26df3b with id 00 00 00 00; allocation_length 10; actual length 10"
"88C5","8960","88B2","899B","8981",
"c","だ","J","テ","ガ",
"Found string at 0x26df52 with id 00 00 00 00; allocation_length 8; actual length 8"
"88C5","8B61","88B2","89E8",
"c","岸","J","悪",
"Found string at 0x26df67 with id 00 00 00 00; allocation_length 14; actual length 14"
"89D5","89A8","88DA","88C0","8B41","8B42","8B43",
"&","ビ","x","X","患","感","慣",
"Found string at 0x26df82 with id 00 00 00 00; allocation_length 22; actual length 22"
"8A49","8A96","8A86","894D","89FB","88A9","88C0","88A0","88A1","88A2","88A3",
"逸","佳","殴","ん","異","A","X","2","3","4","5",
"Found string at 0x26dfb1 with id 01 00 00 00; allocation_length 14; actual length 14"
"88A4","88C3","8942","8943","88AC","88A1","88A9",
"6","a","も","や","D","3","A",
"Found string at 0x26dfcc with id 00 00 00 00; allocation_length 10; actual length 10"
"8961","88C5","88B2","8967","8AF2",
"ぢ","c","J","び","刊",
"Found string at 0x26dfef with id 01 00 00 00; allocation_length 16; actual length 16"
"88A4","88A5","88DD","88C3","88E3","88A9","88DA","88A9",
"6","7","あ","a","き","A","x","A",
"Found string at 0x26e00c with id 00 00 00 00; allocation_length 10; actual length 10"
"8B62","89A9","88B2","8B63","8B64",
"岩","ピ","J","眼","??",
"Found string at 0x26e02f with id 01 00 00 00; allocation_length 30; actual length 30"
"88A4","88ED","8994","8B65","88AC","88B9","8942","88F0","88A5","88DD","88C3","88E3","88A9","88DA","88A9",
"6","ち","タ","顔","D","Q","も","と","7","あ","a","き","A","x","A",
"Found string at 0x26e05a with id 00 00 00 00; allocation_length 10; actual length 10"
"88B6","89FA","88B2","8978","88B8",
"N","為","J","イ","P",
"Found string at 0x26e07d with id 01 00 00 00; allocation_length 18; actual length 18"
"88A4","88A0","88A9","89F4","88A9","89F5","88C1","8941","88A9",
"6","2","A","委","A","威","Y","め","A",
"Found string at 0x26e09c with id 00 00 00 00; allocation_length 10; actual length 10"
"88DE","89EF","88B2","8A5E","8976",
"い","位","J","栄","ア",
"Found string at 0x26e0b3 with id 00 00 00 00; allocation_length 10; actual length 10"
"8B66","88C5","88B2","89C1","8967",
"願","c","J","レ","び",
"Found string at 0x26e0ca with id 00 00 00 00; allocation_length 12; actual length 12"
"894F","8A83","8A84","88B2","8986","8ABF",
"、","桜","横","J","ケ","懐",
"Found string at 0x26e0e3 with id 00 00 00 00; allocation_length 10; actual length 10"
"894F","8B67","88B2","8B68","897C",
"、","企","J","危","エ",
"Found string at 0x26e0fa with id 00 00 00 00; allocation_length 10; actual length 10"
"89A4","89E7","88B2","899B","8B4C",
"ハ","愛","J","テ","??",
