"Found string at 0x1097 with id e6 f9 00 80; allocation_length 4; actual length 2"
ALLOC BIGGER THAN STRING LEN
"8C00",
"??",
"Found string at 0x94cf2 with id 00 00 00 00; allocation_length 8; actual length 3"
ALLOC BIGGER THAN STRING LEN
"8A10","09",
"??","	",
"Found string at 0x9520e with id 00 00 00 00; allocation_length 5; actual length 3"
ALLOC BIGGER THAN STRING LEN
"8E24","09",
"??","	",
"Found string at 0x98588 with id ee 3b bf 17; allocation_length 4; actual length 4"
"88C2","8942",
"Z","も",
"Found string at 0x98595 with id 4f 3c bf 17; allocation_length 4; actual length 4"
"88C2","88C6",
"Z","d",
"Found string at 0x985a2 with id b0 3c bf 17; allocation_length 58; actual length 58"
"88DD","88B0","88DE","88A2","88A4","88C4","88C5","88C6","88EE","88C2","88C6","8943","88C2","8942","88F9","88FA","88FB","5B","88D9","88BA","88FC","88F7","5D","88D2","88B4","88F7","8940","88CA","88B5","8941",
"あ","H","い","4","6","b","c","d","つ","Z","d","や","Z","も","へ","ほ","ま","<","w","R","み","ひ",">","p","L","ひ","む","h","M","め",
"Found string at 0x985fd with id 27 7e 05 1d; allocation_length 14; actual length 14"
"88BD","88A4","88BE","88BF","88C0","88C1","88A4",
"U","6","V","W","X","Y","6",
"Found string at 0x98614 with id 88 7e 05 1d; allocation_length 14; actual length 14"
"88C2","88C3","88C4","88C5","88C6","88C7","88C8",
"Z","a","b","c","d","e","f",
"Found string at 0x9862b with id e9 7e 05 1d; allocation_length 10; actual length 10"
"88C9","88BC","88CA","88CB","88CC",
"g","T","h","i","j",
"Found string at 0x9863e with id a2 0c 82 27; allocation_length 24; actual length 24"
"88C2","88C3","88C4","88C5","88C6","88C7","88C8","5B","88D9","88B3","88B4","88B5","5D",
"Z","a","b","c","d","e","f","<","w","K","L","M",">",
"Found string at 0x9868d with id c8 7a 7b 30; allocation_length 10; actual length 10"
"88C9","88BC","88CA","88CB","88CC",
"g","T","h","i","j",
"Found string at 0x986a0 with id 2e 25 e2 33; allocation_length 6; actual length 6"
"88B6","88B7","88B8",
"N","O","P",
"Found string at 0x986af with id 8f 25 e2 33; allocation_length 10; actual length 10"
"88C2","88C3","88C4","88C5","88C6",
"Z","a","b","c","d",
"Found string at 0x986c2 with id f0 25 e2 33; allocation_length 8; actual length 8"
"88AD","88AE","88AF","88B0",
"E","F","G","H",
"Found string at 0x986d3 with id 51 26 e2 33; allocation_length 8; actual length 8"
"88AD","88A5","88B0","88B1",
"E","7","H","I",
"Found string at 0x986e4 with id 2d 23 78 3a; allocation_length 8; actual length 8"
"88B9","88BA","88BB","88BC",
"Q","R","S","T",
"Found string at 0x9870f with id 86 e2 80 48; allocation_length 6; actual length 6"
"88B6","88B7","88B8",
"N","O","P",
"Found string at 0x9871e with id e7 e2 80 48; allocation_length 10; actual length 10"
"88C2","88C3","88C4","88C5","88C6",
"Z","a","b","c","d",
"Found string at 0x98731 with id 48 e3 80 48; allocation_length 8; actual length 8"
"88AD","88AE","88AF","88B0",
"E","F","G","H",
"Found string at 0x98742 with id a9 e3 80 48; allocation_length 8; actual length 8"
"88AD","88A5","88B0","88B1",
"E","7","H","I",
"Found string at 0x98753 with id 79 4c d0 52; allocation_length 8; actual length 8"
"88DA","88DB","88C6","88DC",
"x","y","d","z",
"Found string at 0x98764 with id da 4c d0 52; allocation_length 16; actual length 16"
"88DD","88B0","88DE","88A2","88A4","88C4","88C5","88C6",
"あ","H","い","4","6","b","c","d",
"Found string at 0x9877d with id 3b 4d d0 52; allocation_length 6; actual length 6"
"88DF","88E0","88A8",
"う","え","0",
"Found string at 0x9878c with id 9c 4d d0 52; allocation_length 4; actual length 4"
"88E1","88E2",
"お","か",
"Found string at 0x987a7 with id bd 02 87 58; allocation_length 16; actual length 16"
"88A6","88A7","88A8","88A9","88A9","88AA","88AB","88AC",
"8","9","0","A","A","B","C","D",
"Found string at 0x987c0 with id ea d3 21 5d; allocation_length 8; actual length 8"
"88B2","88B3","88B4","88B5",
"J","K","L","M",
"Found string at 0x987e8 with id 79 cf e1 62; allocation_length 4; actual length 4"
"88D7","88B5",
"u","M",
"Found string at 0x9884f with id d6 23 98 7d; allocation_length 6; actual length 6"
"88B6","88B7","88B8",
"N","O","P",
"Found string at 0x98882 with id 49 7b cf 86; allocation_length 8; actual length 8"
"88E3","88E4","88AF","88E5",
"き","く","G","け",
"Found string at 0x98893 with id aa 7b cf 86; allocation_length 8; actual length 8"
"88E6","88E7","88A2","88C2",
"こ","さ","4","Z",
"Found string at 0x988a4 with id 0b 7c cf 86; allocation_length 22; actual length 22"
"88DC","88E5","88E8","88A4","88C3","88E9","88E9","88EA","88EB","88EC","88ED",
"z","け","し","6","a","す","す","せ","そ","た","ち",
"Found string at 0x988c3 with id 6c 7c cf 86; allocation_length 70; actual length 70"
"88DA","88DB","88C6","88DC","88EE","88EF","88F0","88F1","88F2","5B","88D2","88F3","88F4","88F5","88F6","88F7","88B2","88B5","88D2","88F8","5D","88F9","88FA","88FB","5B","88D9","88BA","88FC","88F7","5D","88D2","88B4","88F7","8940","88CA","88B5","8941",
"x","y","d","z","つ","て","と","な","に","<","p","ぬ","ね","の","は","ひ","J","M","p","ふ",">","へ","ほ","ま","<","w","R","み","ひ",">","p","L","ひ","む","h","M","め",
"Found string at 0x9891f with id 60 82 ac 8d; allocation_length 6; actual length 6"
"88B6","88B7","88B8",
"N","O","P",
"Found string at 0x98942 with id c5 85 7a 94; allocation_length 14; actual length 14"
"88CD","88A4","88CE","88CF","88B6","88B7","88B8",
"k","6","l","m","N","O","P",
"Found string at 0x98959 with id ae da c7 95; allocation_length 8; actual length 8"
"88AD","88AE","88AF","88B0",
"E","F","G","H",
"Found string at 0x9896a with id 0f db c7 95; allocation_length 8; actual length 8"
"88AD","88A5","88B0","88B1",
"E","7","H","I",
"Found string at 0x9897b with id 10 39 d8 95; allocation_length 8; actual length 8"
"88AD","88A5","88B0","88B1",
"E","7","H","I",
"Found string at 0x989a5 with id 3f 1f ea 9f; allocation_length 6; actual length 6"
"88B6","88B7","88B8",
"N","O","P",
"Found string at 0x989b4 with id a0 1f ea 9f; allocation_length 10; actual length 10"
"88C2","88C3","88C4","88C5","88C6",
"Z","a","b","c","d",
"Found string at 0x989c7 with id 01 20 ea 9f; allocation_length 8; actual length 8"
"88AD","88A5","88B0","88B1",
"E","7","H","I",
"Found string at 0x989d8 with id 45 f1 ea 9f; allocation_length 6; actual length 6"
"88B5","88B5","88D8",
"M","M","v",
"Found string at 0x989e7 with id ac 96 c1 aa; allocation_length 24; actual length 24"
"88D0","88D1","88CF","88AD","88AE","88AF","88B0","88D2","88D3","88D4","88D5","88D6",
"n","o","m","E","F","G","H","p","q","r","s","t",
"Found string at 0x98a08 with id 0d 97 c1 aa; allocation_length 24; actual length 24"
"88D0","88D1","88CF","88AD","88A5","88B0","88B1","88D2","88D3","88D4","88D5","88D6",
"n","o","m","E","7","H","I","p","q","r","s","t",
"Found string at 0x98abb with id 7b b7 ad d7; allocation_length 8; actual length 8"
"88AD","88AE","88AF","88B0",
"E","F","G","H",
"Found string at 0x98acc with id 78 90 a4 da; allocation_length 16; actual length 16"
"889F","88A0","88A1","88A2","88A3","88A4","88A5","88A4",
"1","2","3","4","5","6","7","6",
"Found string at 0x98af2 with id 9e 42 f7 e1; allocation_length 10; actual length 10"
"88C2","88C3","88C4","88C5","88C6",
"Z","a","b","c","d",
"Found string at 0x98b05 with id f8 68 9e ea; allocation_length 6; actual length 6"
"88A8","8944","8945",
"0","ゆ","よ",
"Found string at 0x98b14 with id 59 69 9e ea; allocation_length 6; actual length 6"
"88A8","8946","8947",
"0","ら","り",
"Found string at 0x98b23 with id ba 69 9e ea; allocation_length 56; actual length 56"
"8948","8949","5B","894A","88BA","88F5","88F6","88BC","5D","88EE","88DD","88AF","88C6","88E6","88F9","88FA","88FB","5B","88D9","88BA","88FC","88F7","5D","88D2","88B4","88F7","8940","88CA","88B5","8941",
"る","れ","<","ろ","R","の","は","T",">","つ","あ","G","d","こ","へ","ほ","ま","<","w","R","み","ひ",">","p","L","ひ","む","h","M","め",
"Found string at 0x9a8b2 with id 05 00 00 00; allocation_length 4; actual length 4"
"90DA","8BDF",
"泥","業",
"Found string at 0x9a910 with id 74 6f 72 00; allocation_length 4; actual length 4"
"90DA","8BDF",
"泥","業",
"Found string at 0x9b0ad with id 05 00 00 00; allocation_length 4; actual length 4"
"90DA","8BDF",
"泥","業",
"Found string at 0x9b10b with id 74 6f 72 00; allocation_length 4; actual length 4"
"90DA","8BDF",
"泥","業",
